Date,Day_of_Week,Lecture_Number,Start_Time,End_Time,Subject,Faculty_ID,Semester,Branch,Section,Classroom,Total_Enrolled_Students,Students_Present,Attendance_Percentage,Previous_Lecture_Attendance_Pct,Gap_Since_Previous_Lecture_Hours,Practical_or_Theory,Internal_Test_Week,Assignment_Due,Holiday_Before_After,Weather,Special_Event,Faculty_Experience_Years,Is_First_Lecture_Of_Day,Calculated_Attendance_Pct,Day_Of_Semester,Week_Number,Days_Since_Last_Holiday,Consecutive_Lecture_Count,Rolling_Avg_Prev_3_Lectures,Time_Of_Day,Week_Before_Exam
2026-06-15,Monday,1,08:30:00,09:15:00,Mobile Application Development,F_SSP,3,Mca,A,Computer Lab,103,61,59.22,-1.0,0.0,Theory,No,No,No,Cloudy,No,9,1,59.22,1,1,-1,1,-1.0,Morning,Yes
2026-06-15,Monday,1,08:30:00,09:15:00,Mobile Application Development,F_SSP,3,Mca,B,Computer Lab,101,64,63.37,-1.0,0.0,Theory,No,No,No,Cloudy,No,9,1,63.37,1,1,-1,6,59.22,Morning,Yes
2026-06-15,Monday,2,09:15:00,10:15:00,Mobile Application Development,F_SSP,3,Mca,A,Computer Lab,103,62,60.19,59.22,0.0,Theory,No,No,No,Cloudy,No,9,0,60.19,1,1,-1,2,61.295,Morning,Yes
2026-06-15,Monday,2,09:15:00,10:15:00,Mobile Application Development,F_SSP,3,Mca,B,Computer Lab,101,53,52.48,63.37,0.0,Theory,No,No,No,Rainy,No,9,0,52.48,1,1,-1,7,60.92666666666667,Morning,Yes
2026-06-15,Monday,3,10:15:00,11:15:00,Software Testing And Quality Assurance,F_DPY,3,Mca,A,Computer Lab,103,77,74.76,60.19,0.0,Theory,No,No,No,Sunny,No,6,0,74.76,1,1,-1,3,58.68,Morning,Yes
2026-06-15,Monday,3,10:15:00,11:15:00,Software Testing And Quality Assurance,F_DPY,3,Mca,B,Computer Lab,101,51,50.5,52.48,0.0,Theory,No,No,No,Rainy,No,6,0,50.5,1,1,-1,8,62.47666666666667,Morning,Yes
2026-06-15,Monday,4,11:15:00,12:15:00,Principles Of Cloud Management And Security,F_KSD,3,Mca,A,Computer Lab,103,60,58.25,74.76,0.0,Theory,No,No,No,Rainy,No,7,0,58.25,1,1,-1,4,59.24666666666667,Morning,Yes
2026-06-15,Monday,4,11:15:00,12:15:00,Principles Of Cloud Management And Security,F_KSD,3,Mca,B,Computer Lab,101,51,50.5,50.5,0.0,Theory,No,No,No,Sunny,No,7,0,50.5,1,1,-1,9,61.169999999999995,Morning,Yes
2026-06-15,Monday,5,13:30:00,15:30:00,Innovation And Entrepreneurship Development,F_JSP,3,Mca,A,Computer Lab,103,28,27.18,58.25,1.25,Theory,No,No,No,Sunny,Yes,12,0,27.18,1,1,-1,5,53.083333333333336,Before Lunch,Yes
2026-06-15,Monday,5,13:30:00,15:30:00,Innovation And Entrepreneurship Development,F_JSP,3,Mca,B,Computer Lab,101,54,53.47,50.5,1.25,Theory,No,No,No,Rainy,No,12,0,53.47,1,1,-1,10,45.31,Before Lunch,Yes
2026-06-16,Tuesday,1,08:30:00,09:15:00,Mobile Application Development,F_SSP,3,Mca,B,Computer Lab,101,64,63.37,-1.0,0.0,Theory,No,Yes,Before,Cloudy,No,9,1,63.37,2,1,-1,4,43.71666666666667,Morning,Yes
2026-06-16,Tuesday,1,08:30:00,09:15:00,Mobile Application Development,F_SSP,3,Mca,A,Computer Lab,103,72,69.9,-1.0,0.0,Theory,No,No,Before,Sunny,No,9,1,69.9,2,1,-1,9,48.00666666666666,Morning,Yes
2026-06-16,Tuesday,2,09:15:00,10:15:00,Mobile Application Development,F_SSP,3,Mca,B,Computer Lab,101,81,80.2,63.37,0.0,Theory,No,No,Before,Sunny,No,9,0,80.2,2,1,-1,5,62.24666666666667,Morning,Yes
2026-06-16,Tuesday,2,09:15:00,10:15:00,Mobile Application Development,F_SSP,3,Mca,A,Computer Lab,103,75,72.82,69.9,0.0,Theory,No,No,Before,Sunny,No,9,0,72.82,2,1,-1,8,71.15666666666667,Morning,Yes
2026-06-16,Tuesday,3,10:15:00,11:15:00,Data Science & Machine Learning,F_SP,3,Mca,B,Computer Lab,101,69,68.32,80.2,0.0,Theory,No,No,Before,Cloudy,No,8,0,68.32,2,1,-1,3,74.30666666666667,Morning,Yes
2026-06-16,Tuesday,3,10:15:00,11:15:00,Data Science & Machine Learning,F_SP,3,Mca,A,Computer Lab,103,66,64.08,72.82,0.0,Theory,No,No,Before,Cloudy,No,8,0,64.08,2,1,-1,7,73.77999999999999,Morning,Yes
2026-06-16,Tuesday,4,11:15:00,12:15:00,Software Testing And Quality Assurance,F_DPY,3,Mca,B,Computer Lab,101,56,55.45,68.32,0.0,Theory,No,No,Before,Rainy,No,6,0,55.45,2,1,-1,2,68.40666666666665,Morning,Yes
2026-06-16,Tuesday,4,11:15:00,12:15:00,Software Testing And Quality Assurance,F_DPY,3,Mca,A,Computer Lab,103,80,77.67,64.08,0.0,Theory,No,No,Before,Cloudy,No,6,0,77.67,2,1,-1,6,62.61666666666667,Morning,Yes
2026-06-16,Tuesday,5,13:30:00,15:30:00,Industry Readiness Program,F_Visiting,3,Mca,B,Computer Lab,101,69,68.32,55.45,1.25,Theory,No,No,Before,Sunny,No,4,0,68.32,2,1,-1,1,65.73333333333333,Before Lunch,Yes
2026-06-16,Tuesday,5,13:30:00,15:30:00,Industry Readiness Program,F_Visiting,3,Mca,A,Computer Lab,103,75,72.82,77.67,1.25,Theory,No,No,Before,Sunny,No,4,0,72.82,2,1,-1,10,67.14666666666666,Before Lunch,Yes
2026-06-17,Wednesday,1,08:30:00,09:15:00,Mobile Application Development,F_SSP,3,Mca,B,Computer Lab,101,21,20.79,-1.0,0.0,Theory,No,Yes,Before,Rainy,No,9,1,20.79,3,1,-1,5,72.93666666666667,Morning,Yes
2026-06-17,Wednesday,1,08:30:00,09:15:00,Mobile Application Development,F_SSP,3,Mca,A,Computer Lab,103,61,59.22,-1.0,0.0,Theory,No,No,Before,Rainy,No,9,1,59.22,3,1,-1,9,53.97666666666666,Morning,Yes
2026-06-17,Wednesday,2,09:15:00,10:15:00,Mobile Application Development,F_SSP,3,Mca,B,Computer Lab,101,68,67.33,20.79,0.0,Theory,No,Yes,Before,Cloudy,No,9,0,67.33,3,1,-1,4,50.94333333333333,Morning,Yes
2026-06-17,Wednesday,2,09:15:00,10:15:00,Mobile Application Development,F_SSP,3,Mca,A,Computer Lab,103,80,77.67,59.22,0.0,Theory,No,No,Before,Cloudy,No,9,0,77.67,3,1,-1,8,49.11333333333334,Morning,Yes
2026-06-17,Wednesday,3,10:15:00,11:15:00,Data Science & Machine Learning,F_SP,3,Mca,B,Computer Lab,101,82,81.19,67.33,0.0,Theory,No,No,Before,Rainy,No,8,0,81.19,3,1,-1,3,68.07333333333334,Morning,Yes
2026-06-17,Wednesday,3,10:15:00,11:15:00,Data Science & Machine Learning,F_SP,3,Mca,A,Computer Lab,103,53,51.46,77.67,0.0,Theory,No,No,Before,Rainy,No,8,0,51.46,3,1,-1,7,75.39666666666666,Morning,Yes
2026-06-17,Wednesday,4,11:15:00,12:15:00,Principles Of Cloud Management And Security,F_KSD,3,Mca,B,Computer Lab,101,74,73.27,81.19,0.0,Theory,No,No,Before,Cloudy,No,7,0,73.27,3,1,-1,2,70.10666666666667,Morning,Yes
2026-06-17,Wednesday,4,11:15:00,12:15:00,Principles Of Cloud Management And Security,F_KSD,3,Mca,A,Computer Lab,103,90,87.38,51.46,0.0,Theory,No,No,Before,Sunny,No,7,0,87.38,3,1,-1,10,68.64,Morning,Yes
2026-06-17,Wednesday,5,13:30:00,15:30:00,Software Testing And Quality Assurance,F_DPY,3,Mca,B,Computer Lab,101,56,55.45,73.27,1.25,Practical,No,No,Before,Rainy,No,6,0,55.45,3,1,-1,1,70.70333333333333,Before Lunch,Yes
2026-06-17,Wednesday,5,13:30:00,15:30:00,Software Testing And Quality Assurance,F_DPY,3,Mca,A,Computer Lab,103,59,57.28,87.38,1.25,Practical,No,No,Before,Sunny,No,6,0,57.28,3,1,-1,6,72.03333333333333,Before Lunch,Yes
2026-06-18,Thursday,1,08:30:00,09:15:00,Mobile Application Development,F_SSP,3,Mca,B,Computer Lab,101,78,77.23,-1.0,0.0,Practical,No,No,No,Rainy,No,9,1,77.23,4,1,-1,4,66.70333333333333,Morning,Yes
2026-06-18,Thursday,1,08:30:00,09:15:00,Mobile Application Development,F_SSP,3,Mca,A,Computer Lab,103,72,69.9,-1.0,0.0,Practical,No,No,No,Rainy,No,9,1,69.9,4,1,-1,5,63.320000000000014,Morning,Yes
2026-06-18,Thursday,2,09:15:00,10:15:00,Mobile Application Development,F_SSP,3,Mca,B,Computer Lab,101,82,81.19,77.23,0.0,Practical,No,No,No,Rainy,No,9,0,81.19,4,1,-1,1,68.13666666666667,Morning,Yes
2026-06-18,Thursday,2,09:15:00,10:15:00,Mobile Application Development,F_SSP,3,Mca,A,Computer Lab,103,81,78.64,69.9,0.0,Practical,No,No,No,Rainy,No,9,0,78.64,4,1,-1,7,76.10666666666667,Morning,Yes
2026-06-18,Thursday,3,10:15:00,11:15:00,Mini Project,F_RSZ,3,Mca,B,Computer Lab,101,97,96.04,81.19,0.0,Practical,No,No,No,Sunny,No,15,0,96.04,4,1,-1,3,76.57666666666667,Morning,Yes
2026-06-18,Thursday,3,10:15:00,11:15:00,Mini Project,F_RSZ,3,Mca,A,Computer Lab,103,92,89.32,78.64,0.0,Practical,No,No,No,Cloudy,No,15,0,89.32,4,1,-1,6,85.29,Morning,Yes
2026-06-18,Thursday,4,11:15:00,12:15:00,Mini Project,F_RSZ,3,Mca,B,Computer Lab,101,92,91.09,96.04,0.0,Practical,No,No,No,Cloudy,No,15,0,91.09,4,1,-1,2,88.0,Morning,Yes
2026-06-18,Thursday,4,11:15:00,12:15:00,Mini Project,F_RSZ,3,Mca,A,Computer Lab,103,81,78.64,89.32,0.0,Practical,No,No,No,Rainy,No,15,0,78.64,4,1,-1,8,92.15000000000002,Morning,Yes
2026-06-19,Friday,1,08:30:00,09:15:00,Mobile Application Development,F_SSP,3,Mca,B,Computer Lab,101,66,65.35,-1.0,0.0,Theory,No,No,No,Cloudy,No,9,1,65.35,5,1,-1,5,86.35000000000001,Morning,Yes
2026-06-19,Friday,1,08:30:00,09:15:00,Mobile Application Development,F_SSP,3,Mca,A,Computer Lab,103,64,62.14,-1.0,0.0,Theory,No,No,No,Rainy,No,9,1,62.14,5,1,-1,9,78.36,Morning,Yes
2026-06-19,Friday,2,09:15:00,10:15:00,Mobile Application Development,F_SSP,3,Mca,B,Computer Lab,101,88,87.13,65.35,0.0,Theory,No,No,No,Sunny,No,9,0,87.13,5,1,-1,4,68.71,Morning,Yes
2026-06-19,Friday,2,09:15:00,10:15:00,Mobile Application Development,F_SSP,3,Mca,A,Computer Lab,103,81,78.64,62.14,0.0,Theory,No,No,No,Sunny,No,9,0,78.64,5,1,-1,8,71.54,Morning,Yes
2026-06-19,Friday,3,10:15:00,11:15:00,Innovation And Entrepreneurship Development,F_JSP,3,Mca,B,Computer Lab,101,98,97.03,87.13,0.0,Theory,No,No,No,Sunny,No,12,0,97.03,5,1,-1,3,75.97000000000001,Morning,Yes
2026-06-19,Friday,3,10:15:00,11:15:00,Innovation And Entrepreneurship Development,F_JSP,3,Mca,A,Computer Lab,103,62,60.19,78.64,0.0,Theory,No,No,No,Cloudy,Yes,12,0,60.19,5,1,-1,7,87.60000000000001,Morning,Yes
2026-06-19,Friday,4,11:15:00,12:15:00,Innovation And Entrepreneurship Development,F_JSP,3,Mca,B,Computer Lab,101,67,66.34,97.03,0.0,Theory,No,No,No,Rainy,No,12,0,66.34,5,1,-1,2,78.62,Morning,Yes
2026-06-19,Friday,4,11:15:00,12:15:00,Innovation And Entrepreneurship Development,F_JSP,3,Mca,A,Computer Lab,103,74,71.84,60.19,0.0,Theory,No,No,No,Rainy,No,12,0,71.84,5,1,-1,6,74.52,Morning,Yes
2026-06-19,Friday,5,13:30:00,15:30:00,Stqa Practical,F_DPY,3,Mca,B,Computer Lab,101,61,60.4,66.34,1.25,Practical,No,No,No,Sunny,Yes,6,0,60.4,5,1,-1,1,66.12333333333333,Before Lunch,Yes
2026-06-19,Friday,5,13:30:00,15:30:00,Stqa Practical,F_DPY,3,Mca,A,Computer Lab,103,61,59.22,71.84,1.25,Practical,No,No,No,Cloudy,No,6,0,59.22,5,1,-1,10,66.19333333333334,Before Lunch,Yes
2026-06-20,Saturday,1,08:30:00,09:15:00,Mobile Application Development,F_SSP,3,Mca,B,Computer Lab,101,87,86.14,-1.0,0.0,Theory,No,No,No,Sunny,No,9,1,86.14,6,1,-1,5,63.82,Morning,Yes
2026-06-20,Saturday,1,08:30:00,09:15:00,Mobile Application Development,F_SSP,3,Mca,A,Computer Lab,103,82,79.61,-1.0,0.0,Theory,No,No,No,Cloudy,No,9,1,79.61,6,1,-1,6,68.58666666666667,Morning,Yes
2026-06-20,Saturday,2,09:15:00,10:15:00,Mobile Application Development,F_SSP,3,Mca,B,Computer Lab,101,71,70.3,86.14,0.0,Theory,No,No,No,Sunny,No,9,0,70.3,6,1,-1,1,74.99000000000001,Morning,Yes
2026-06-20,Saturday,2,09:15:00,10:15:00,Mobile Application Development,F_SSP,3,Mca,A,Computer Lab,103,76,73.79,79.61,0.0,Theory,No,No,No,Rainy,No,9,0,73.79,6,1,-1,9,78.68333333333334,Morning,Yes
2026-06-20,Saturday,3,10:15:00,11:15:00,Principles Of Cloud Management And Security,F_KSD,3,Mca,B,Computer Lab,101,69,68.32,70.3,0.0,Theory,No,No,No,Sunny,No,7,0,68.32,6,1,-1,4,74.56666666666668,Morning,Yes
2026-06-20,Saturday,3,10:15:00,11:15:00,Principles Of Cloud Management And Security,F_KSD,3,Mca,A,Computer Lab,103,86,83.5,73.79,0.0,Theory,No,No,No,Cloudy,No,7,0,83.5,6,1,-1,8,70.80333333333334,Morning,Yes
2026-06-20,Saturday,4,11:15:00,12:15:00,Data Science & Machine Learning,F_SP,3,Mca,B,Computer Lab,101,92,91.09,68.32,0.0,Theory,No,No,No,Cloudy,No,8,0,91.09,6,1,-1,3,75.20333333333333,Morning,Yes
2026-06-20,Saturday,4,11:15:00,12:15:00,Data Science & Machine Learning,F_SP,3,Mca,A,Computer Lab,103,83,80.58,83.5,0.0,Theory,No,No,No,Cloudy,No,8,0,80.58,6,1,-1,7,80.97000000000001,Morning,Yes
2026-06-20,Saturday,5,13:30:00,15:30:00,Ds & Ml Practical,F_MLK,3,Mca,B,Computer Lab,101,86,85.15,91.09,1.25,Practical,No,No,No,Sunny,No,11,0,85.15,6,1,-1,2,85.05666666666667,Before Lunch,Yes
2026-06-20,Saturday,5,13:30:00,15:30:00,Ds & Ml Practical,F_MLK,3,Mca,A,Computer Lab,103,66,64.08,80.58,1.25,Practical,No,No,No,Rainy,No,11,0,64.08,6,1,-1,10,85.60666666666668,Before Lunch,Yes
2026-06-22,Monday,1,08:30:00,09:15:00,Mobile Application Development,F_SSP,3,Mca,B,Computer Lab,101,67,66.34,-1.0,0.0,Theory,No,No,No,Sunny,No,9,1,66.34,8,2,-1,4,76.60333333333335,Morning,Yes
2026-06-22,Monday,1,08:30:00,09:15:00,Mobile Application Development,F_SSP,3,Mca,A,Computer Lab,103,71,68.93,-1.0,0.0,Theory,No,No,No,Sunny,No,9,1,68.93,8,2,-1,10,71.85666666666668,Morning,Yes
2026-06-22,Monday,2,09:15:00,10:15:00,Mobile Application Development,F_SSP,3,Mca,B,Computer Lab,101,64,63.37,66.34,0.0,Theory,No,No,No,Cloudy,No,9,0,63.37,8,2,-1,1,66.45,Morning,Yes
2026-06-22,Monday,2,09:15:00,10:15:00,Mobile Application Development,F_SSP,3,Mca,A,Computer Lab,103,63,61.17,68.93,0.0,Theory,No,No,No,Rainy,No,9,0,61.17,8,2,-1,9,66.21333333333335,Morning,Yes
2026-06-22,Monday,3,10:15:00,11:15:00,Software Testing And Quality Assurance,F_DPY,3,Mca,B,Computer Lab,101,57,56.44,63.37,0.0,Theory,No,No,No,Rainy,No,6,0,56.44,8,2,-1,5,64.49000000000001,Morning,Yes
2026-06-22,Monday,3,10:15:00,11:15:00,Software Testing And Quality Assurance,F_DPY,3,Mca,A,Computer Lab,103,71,68.93,61.17,0.0,Theory,No,Yes,No,Cloudy,No,6,0,68.93,8,2,-1,7,60.326666666666675,Morning,Yes
2026-06-22,Monday,4,11:15:00,12:15:00,Principles Of Cloud Management And Security,F_KSD,3,Mca,B,Computer Lab,101,63,62.38,56.44,0.0,Theory,No,No,No,Rainy,No,7,0,62.38,8,2,-1,3,62.18000000000001,Morning,Yes
2026-06-22,Monday,4,11:15:00,12:15:00,Principles Of Cloud Management And Security,F_KSD,3,Mca,A,Computer Lab,103,68,66.02,68.93,0.0,Theory,No,No,No,Cloudy,No,7,0,66.02,8,2,-1,6,62.58333333333334,Morning,Yes
2026-06-22,Monday,5,13:30:00,15:30:00,Innovation And Entrepreneurship Development,F_JSP,3,Mca,B,Computer Lab,101,53,52.48,62.38,1.25,Theory,No,No,No,Rainy,No,12,0,52.48,8,2,-1,2,65.77666666666669,Before Lunch,Yes
2026-06-22,Monday,5,13:30:00,15:30:00,Innovation And Entrepreneurship Development,F_JSP,3,Mca,A,Computer Lab,103,69,66.99,66.02,1.25,Theory,No,Yes,No,Sunny,No,12,0,66.99,8,2,-1,8,60.293333333333344,Before Lunch,Yes
2026-06-23,Tuesday,1,08:30:00,09:15:00,Mobile Application Development,F_SSP,3,Mca,B,Computer Lab,101,68,67.33,-1.0,0.0,Theory,No,No,No,Rainy,No,9,1,67.33,9,2,-1,5,61.83000000000001,Morning,Yes
2026-06-23,Tuesday,1,08:30:00,09:15:00,Mobile Application Development,F_SSP,3,Mca,A,Computer Lab,103,81,78.64,-1.0,0.0,Theory,No,No,No,Cloudy,No,9,1,78.64,9,2,-1,10,62.26666666666667,Morning,Yes
2026-06-23,Tuesday,2,09:15:00,10:15:00,Mobile Application Development,F_SSP,3,Mca,B,Computer Lab,101,88,87.13,67.33,0.0,Theory,No,No,No,Sunny,No,9,0,87.13,9,2,-1,4,70.98666666666668,Morning,Yes
2026-06-23,Tuesday,2,09:15:00,10:15:00,Mobile Application Development,F_SSP,3,Mca,A,Computer Lab,103,90,87.38,78.64,0.0,Theory,No,No,No,Sunny,No,9,0,87.38,9,2,-1,9,77.7,Morning,Yes
2026-06-23,Tuesday,3,10:15:00,11:15:00,Data Science & Machine Learning,F_SP,3,Mca,B,Computer Lab,101,65,64.36,87.13,0.0,Theory,No,No,No,Cloudy,No,8,0,64.36,9,2,-1,3,84.38333333333334,Morning,Yes
2026-06-23,Tuesday,3,10:15:00,11:15:00,Data Science & Machine Learning,F_SP,3,Mca,A,Computer Lab,103,90,87.38,87.38,0.0,Theory,No,No,No,Sunny,No,8,0,87.38,9,2,-1,8,79.62333333333333,Morning,Yes
2026-06-23,Tuesday,4,11:15:00,12:15:00,Software Testing And Quality Assurance,F_DPY,3,Mca,B,Computer Lab,101,87,86.14,64.36,0.0,Theory,No,No,No,Sunny,No,6,0,86.14,9,2,-1,2,79.70666666666666,Morning,Yes
2026-06-23,Tuesday,4,11:15:00,12:15:00,Software Testing And Quality Assurance,F_DPY,3,Mca,A,Computer Lab,103,76,73.79,87.38,0.0,Theory,No,No,No,Rainy,No,6,0,73.79,9,2,-1,7,79.29333333333334,Morning,Yes
2026-06-23,Tuesday,5,13:30:00,15:30:00,Industry Readiness Program,F_Visiting,3,Mca,B,Computer Lab,101,82,81.19,86.14,1.25,Theory,No,No,No,Sunny,No,4,0,81.19,9,2,-1,1,82.43666666666668,Before Lunch,Yes
2026-06-23,Tuesday,5,13:30:00,15:30:00,Industry Readiness Program,F_Visiting,3,Mca,A,Computer Lab,103,80,77.67,73.79,1.25,Theory,No,No,No,Cloudy,No,4,0,77.67,9,2,-1,6,80.37333333333335,Before Lunch,Yes
2026-06-24,Wednesday,1,08:30:00,09:15:00,Mobile Application Development,F_SSP,3,Mca,B,Computer Lab,101,75,74.26,-1.0,0.0,Theory,No,No,No,Sunny,No,9,1,74.26,10,2,-1,5,77.55000000000001,Morning,Yes
2026-06-24,Wednesday,1,08:30:00,09:15:00,Mobile Application Development,F_SSP,3,Mca,A,Computer Lab,103,68,66.02,-1.0,0.0,Theory,No,No,No,Rainy,No,9,1,66.02,10,2,-1,9,77.70666666666666,Morning,Yes
2026-06-24,Wednesday,2,09:15:00,10:15:00,Mobile Application Development,F_SSP,3,Mca,B,Computer Lab,101,78,77.23,74.26,0.0,Theory,No,Yes,No,Rainy,No,9,0,77.23,10,2,-1,4,72.65,Morning,Yes
2026-06-24,Wednesday,2,09:15:00,10:15:00,Mobile Application Development,F_SSP,3,Mca,A,Computer Lab,103,88,85.44,66.02,0.0,Theory,No,No,No,Cloudy,No,9,0,85.44,10,2,-1,8,72.50333333333334,Morning,Yes
2026-06-24,Wednesday,3,10:15:00,11:15:00,Data Science & Machine Learning,F_SP,3,Mca,B,Computer Lab,101,83,82.18,77.23,0.0,Theory,No,No,No,Rainy,No,8,0,82.18,10,2,-1,3,76.23000000000002,Morning,Yes
2026-06-24,Wednesday,3,10:15:00,11:15:00,Data Science & Machine Learning,F_SP,3,Mca,A,Computer Lab,103,88,85.44,85.44,0.0,Theory,No,No,No,Cloudy,No,8,0,85.44,10,2,-1,7,81.61666666666667,Morning,Yes
2026-06-24,Wednesday,4,11:15:00,12:15:00,Principles Of Cloud Management And Security,F_KSD,3,Mca,B,Computer Lab,101,81,80.2,82.18,0.0,Theory,No,No,No,Cloudy,No,7,0,80.2,10,2,-1,2,84.35333333333334,Morning,Yes
2026-06-24,Wednesday,4,11:15:00,12:15:00,Principles Of Cloud Management And Security,F_KSD,3,Mca,A,Computer Lab,103,91,88.35,85.44,0.0,Theory,No,No,No,Cloudy,No,7,0,88.35,10,2,-1,6,82.60666666666667,Morning,Yes
2026-06-24,Wednesday,5,13:30:00,15:30:00,Software Testing And Quality Assurance,F_DPY,3,Mca,B,Computer Lab,101,87,86.14,80.2,1.25,Practical,No,No,No,Rainy,No,6,0,86.14,10,2,-1,1,84.66333333333334,Before Lunch,Yes
2026-06-24,Wednesday,5,13:30:00,15:30:00,Software Testing And Quality Assurance,F_DPY,3,Mca,A,Computer Lab,103,96,93.2,88.35,1.25,Practical,No,No,No,Sunny,No,6,0,93.2,10,2,-1,10,84.89666666666666,Before Lunch,Yes
2026-06-25,Thursday,1,08:30:00,09:15:00,Mobile Application Development,F_SSP,3,Mca,B,Computer Lab,101,65,64.36,-1.0,0.0,Practical,No,No,No,Rainy,No,9,1,64.36,11,2,-1,1,89.23000000000002,Morning,Yes
2026-06-25,Thursday,1,08:30:00,09:15:00,Mobile Application Development,F_SSP,3,Mca,A,Computer Lab,103,84,81.55,-1.0,0.0,Practical,No,Yes,No,Sunny,No,9,1,81.55,11,2,-1,2,81.23333333333335,Morning,Yes
2026-06-25,Thursday,2,09:15:00,10:15:00,Mobile Application Development,F_SSP,3,Mca,A,Computer Lab,103,69,66.99,81.55,0.0,Practical,No,No,No,Cloudy,No,9,0,66.99,11,2,-1,3,79.70333333333335,Morning,Yes
2026-06-25,Thursday,2,09:15:00,10:15:00,Mobile Application Development,F_SSP,3,Mca,B,Computer Lab,101,75,74.26,64.36,0.0,Practical,No,No,No,Rainy,No,9,0,74.26,11,2,-1,6,70.96666666666668,Morning,Yes
2026-06-25,Thursday,3,10:15:00,11:15:00,Mini Project,F_RSZ,3,Mca,A,Computer Lab,103,103,100.0,66.99,0.0,Practical,No,No,No,Cloudy,No,15,0,100.0,11,2,-1,4,74.26666666666667,Morning,Yes
2026-06-25,Thursday,3,10:15:00,11:15:00,Mini Project,F_RSZ,3,Mca,B,Computer Lab,101,98,97.03,74.26,0.0,Practical,No,No,No,Rainy,No,15,0,97.03,11,2,-1,7,80.41666666666667,Morning,Yes
2026-06-25,Thursday,4,11:15:00,12:15:00,Mini Project,F_RSZ,3,Mca,A,Computer Lab,103,91,88.35,100.0,0.0,Practical,No,No,No,Cloudy,No,15,0,88.35,11,2,-1,5,90.43000000000002,Morning,Yes
2026-06-25,Thursday,4,11:15:00,12:15:00,Mini Project,F_RSZ,3,Mca,B,Computer Lab,101,62,61.39,97.03,0.0,Practical,No,No,No,Rainy,Yes,15,0,61.39,11,2,-1,8,95.12666666666667,Morning,Yes
2026-06-26,Friday,1,08:30:00,09:15:00,Mobile Application Development,F_SSP,3,Mca,B,Computer Lab,101,82,81.19,-1.0,0.0,Theory,Yes,No,No,Sunny,No,9,1,81.19,12,2,-1,5,82.25666666666667,Morning,Yes
2026-06-26,Friday,1,08:30:00,09:15:00,Mobile Application Development,F_SSP,3,Mca,A,Computer Lab,103,84,81.55,-1.0,0.0,Theory,Yes,No,No,Cloudy,No,9,1,81.55,12,2,-1,6,76.97666666666667,Morning,Yes
2026-06-26,Friday,2,09:15:00,10:15:00,Mobile Application Development,F_SSP,3,Mca,B,Computer Lab,101,84,83.17,81.19,0.0,Theory,Yes,No,No,Cloudy,No,9,0,83.17,12,2,-1,2,74.71000000000001,Morning,Yes
2026-06-26,Friday,2,09:15:00,10:15:00,Mobile Application Development,F_SSP,3,Mca,A,Computer Lab,103,67,65.05,81.55,0.0,Theory,Yes,Yes,No,Cloudy,No,9,0,65.05,12,2,-1,9,81.97000000000001,Morning,Yes
2026-06-26,Friday,3,10:15:00,11:15:00,Innovation And Entrepreneurship Development,F_JSP,3,Mca,B,Computer Lab,101,71,70.3,83.17,0.0,Theory,Yes,No,No,Rainy,No,12,0,70.3,12,2,-1,1,76.59,Morning,Yes
2026-06-26,Friday,3,10:15:00,11:15:00,Innovation And Entrepreneurship Development,F_JSP,3,Mca,A,Computer Lab,103,90,87.38,65.05,0.0,Theory,Yes,No,No,Sunny,No,12,0,87.38,12,2,-1,8,72.84000000000002,Morning,Yes
2026-06-26,Friday,4,11:15:00,12:15:00,Innovation And Entrepreneurship Development,F_JSP,3,Mca,B,Computer Lab,101,96,95.05,70.3,0.0,Theory,Yes,No,No,Sunny,No,12,0,95.05,12,2,-1,4,74.24333333333334,Morning,Yes
2026-06-26,Friday,4,11:15:00,12:15:00,Innovation And Entrepreneurship Development,F_JSP,3,Mca,A,Computer Lab,103,83,80.58,87.38,0.0,Theory,Yes,No,No,Cloudy,No,12,0,80.58,12,2,-1,7,84.24333333333334,Morning,Yes
2026-06-26,Friday,5,13:30:00,15:30:00,Stqa Practical,F_DPY,3,Mca,B,Computer Lab,101,77,76.24,95.05,1.25,Practical,Yes,No,No,Rainy,No,6,0,76.24,12,2,-1,3,87.67,Before Lunch,Yes
2026-06-26,Friday,5,13:30:00,15:30:00,Stqa Practical,F_DPY,3,Mca,A,Computer Lab,103,91,88.35,80.58,1.25,Practical,Yes,No,No,Sunny,No,6,0,88.35,12,2,-1,10,83.95666666666666,Before Lunch,Yes
2026-06-27,Saturday,1,08:30:00,09:15:00,Mobile Application Development,F_SSP,3,Mca,B,Computer Lab,101,81,80.2,-1.0,0.0,Theory,Yes,No,No,Cloudy,No,9,1,80.2,13,2,-1,5,81.72333333333334,Morning,Yes
2026-06-27,Saturday,1,08:30:00,09:15:00,Mobile Application Development,F_SSP,3,Mca,A,Computer Lab,103,85,82.52,-1.0,0.0,Theory,Yes,No,No,Cloudy,No,9,1,82.52,13,2,-1,9,81.59666666666668,Morning,Yes
2026-06-27,Saturday,2,09:15:00,10:15:00,Mobile Application Development,F_SSP,3,Mca,B,Computer Lab,101,63,62.38,80.2,0.0,Theory,Yes,No,No,Cloudy,Yes,9,0,62.38,13,2,-1,4,83.69000000000001,Morning,Yes
2026-06-27,Saturday,2,09:15:00,10:15:00,Mobile Application Development,F_SSP,3,Mca,A,Computer Lab,103,98,95.15,82.52,0.0,Theory,Yes,No,No,Rainy,No,9,0,95.15,13,2,-1,8,75.03333333333335,Morning,Yes
2026-06-27,Saturday,3,10:15:00,11:15:00,Principles Of Cloud Management And Security,F_KSD,3,Mca,B,Computer Lab,101,100,99.01,62.38,0.0,Theory,Yes,Yes,No,Rainy,No,7,0,99.01,13,2,-1,3,80.01666666666668,Morning,Yes
2026-06-27,Saturday,3,10:15:00,11:15:00,Principles Of Cloud Management And Security,F_KSD,3,Mca,A,Computer Lab,103,89,86.41,95.15,0.0,Theory,Yes,No,No,Cloudy,No,7,0,86.41,13,2,-1,7,85.51333333333334,Morning,Yes
2026-06-27,Saturday,4,11:15:00,12:15:00,Data Science & Machine Learning,F_SP,3,Mca,B,Computer Lab,101,94,93.07,99.01,0.0,Theory,Yes,No,No,Sunny,No,8,0,93.07,13,2,-1,2,93.52333333333335,Morning,Yes
2026-06-27,Saturday,4,11:15:00,12:15:00,Data Science & Machine Learning,F_SP,3,Mca,A,Computer Lab,103,82,79.61,86.41,0.0,Theory,Yes,No,No,Sunny,Yes,8,0,79.61,13,2,-1,6,92.83,Morning,Yes
2026-06-27,Saturday,5,13:30:00,15:30:00,Ds & Ml Practical,F_MLK,3,Mca,B,Computer Lab,101,73,72.28,93.07,1.25,Practical,Yes,No,No,Sunny,Yes,11,0,72.28,13,2,-1,1,86.36333333333334,Before Lunch,Yes
2026-06-27,Saturday,5,13:30:00,15:30:00,Ds & Ml Practical,F_MLK,3,Mca,A,Computer Lab,103,92,89.32,79.61,1.25,Practical,Yes,No,No,Cloudy,No,11,0,89.32,13,2,-1,10,81.65333333333334,Before Lunch,Yes
2026-06-29,Monday,1,08:30:00,09:15:00,Mobile Application Development,F_SSP,3,Mca,B,Computer Lab,101,76,75.25,-1.0,0.0,Theory,Yes,No,No,Cloudy,No,9,1,75.25,15,3,-1,5,80.40333333333335,Morning,No
2026-06-29,Monday,1,08:30:00,09:15:00,Mobile Application Development,F_SSP,3,Mca,A,Computer Lab,103,42,40.78,-1.0,0.0,Theory,Yes,No,No,Cloudy,No,9,1,40.78,15,3,-1,6,78.95,Morning,No
2026-06-29,Monday,2,09:15:00,10:15:00,Mobile Application Development,F_SSP,3,Mca,B,Computer Lab,101,68,67.33,75.25,0.0,Theory,Yes,Yes,No,Cloudy,No,9,0,67.33,15,3,-1,1,68.45,Morning,No
2026-06-29,Monday,2,09:15:00,10:15:00,Mobile Application Development,F_SSP,3,Mca,A,Computer Lab,103,82,79.61,40.78,0.0,Theory,Yes,No,No,Sunny,No,9,0,79.61,15,3,-1,9,61.120000000000005,Morning,No
2026-06-29,Monday,3,10:15:00,11:15:00,Software Testing And Quality Assurance,F_DPY,3,Mca,B,Computer Lab,101,82,81.19,67.33,0.0,Theory,Yes,No,No,Sunny,No,6,0,81.19,15,3,-1,4,62.573333333333345,Morning,No
2026-06-29,Monday,3,10:15:00,11:15:00,Software Testing And Quality Assurance,F_DPY,3,Mca,A,Computer Lab,103,74,71.84,79.61,0.0,Theory,Yes,No,No,Rainy,No,6,0,71.84,15,3,-1,8,76.04333333333334,Morning,No
2026-06-29,Monday,4,11:15:00,12:15:00,Principles Of Cloud Management And Security,F_KSD,3,Mca,B,Computer Lab,101,85,84.16,81.19,0.0,Theory,Yes,No,No,Sunny,No,7,0,84.16,15,3,-1,3,77.54666666666667,Morning,No
2026-06-29,Monday,4,11:15:00,12:15:00,Principles Of Cloud Management And Security,F_KSD,3,Mca,A,Computer Lab,103,68,66.02,71.84,0.0,Theory,Yes,No,No,Rainy,No,7,0,66.02,15,3,-1,7,79.06333333333335,Morning,No
2026-06-29,Monday,5,13:30:00,15:30:00,Innovation And Entrepreneurship Development,F_JSP,3,Mca,B,Computer Lab,101,76,75.25,84.16,1.25,Theory,Yes,No,No,Cloudy,No,12,0,75.25,15,3,-1,2,74.00666666666667,Before Lunch,No
2026-06-29,Monday,5,13:30:00,15:30:00,Innovation And Entrepreneurship Development,F_JSP,3,Mca,A,Computer Lab,103,85,82.52,66.02,1.25,Theory,Yes,No,No,Sunny,No,12,0,82.52,15,3,-1,10,75.14333333333333,Before Lunch,No
2026-06-30,Tuesday,1,08:30:00,09:15:00,Mobile Application Development,F_SSP,3,Mca,B,Computer Lab,101,83,82.18,-1.0,0.0,Theory,Yes,No,No,Cloudy,No,9,1,82.18,16,3,-1,5,74.59666666666668,Morning,No
2026-06-30,Tuesday,1,08:30:00,09:15:00,Mobile Application Development,F_SSP,3,Mca,A,Computer Lab,103,82,79.61,-1.0,0.0,Theory,Yes,Yes,No,Cloudy,No,9,1,79.61,16,3,-1,10,79.98333333333335,Morning,No
2026-06-30,Tuesday,2,09:15:00,10:15:00,Mobile Application Development,F_SSP,3,Mca,B,Computer Lab,101,84,83.17,82.18,0.0,Theory,Yes,No,No,Cloudy,No,9,0,83.17,16,3,-1,1,81.43666666666668,Morning,No
2026-06-30,Tuesday,2,09:15:00,10:15:00,Mobile Application Development,F_SSP,3,Mca,A,Computer Lab,103,90,87.38,79.61,0.0,Theory,Yes,No,No,Rainy,No,9,0,87.38,16,3,-1,9,81.65333333333335,Morning,No
2026-06-30,Tuesday,3,10:15:00,11:15:00,Data Science & Machine Learning,F_SP,3,Mca,B,Computer Lab,101,101,100.0,83.17,0.0,Theory,Yes,No,No,Sunny,No,8,0,100.0,16,3,-1,4,83.38666666666667,Morning,No
2026-06-30,Tuesday,3,10:15:00,11:15:00,Data Science & Machine Learning,F_SP,3,Mca,A,Computer Lab,103,97,94.17,87.38,0.0,Theory,Yes,No,No,Sunny,No,8,0,94.17,16,3,-1,6,90.18333333333334,Morning,No
2026-06-30,Tuesday,4,11:15:00,12:15:00,Software Testing And Quality Assurance,F_DPY,3,Mca,B,Computer Lab,101,81,80.2,100.0,0.0,Theory,Yes,No,No,Rainy,No,6,0,80.2,16,3,-1,3,93.85000000000001,Morning,No
2026-06-30,Tuesday,4,11:15:00,12:15:00,Software Testing And Quality Assurance,F_DPY,3,Mca,A,Computer Lab,103,91,88.35,94.17,0.0,Theory,Yes,No,No,Cloudy,No,6,0,88.35,16,3,-1,7,91.45666666666666,Morning,No
2026-06-30,Tuesday,5,13:30:00,15:30:00,Industry Readiness Program,F_Visiting,3,Mca,B,Computer Lab,101,79,78.22,80.2,1.25,Theory,Yes,No,No,Rainy,No,4,0,78.22,16,3,-1,2,87.57333333333334,Before Lunch,No
2026-06-30,Tuesday,5,13:30:00,15:30:00,Industry Readiness Program,F_Visiting,3,Mca,A,Computer Lab,103,87,84.47,88.35,1.25,Theory,Yes,No,No,Cloudy,No,4,0,84.47,16,3,-1,8,82.25666666666667,Before Lunch,No
2026-07-01,Wednesday,1,08:30:00,09:15:00,Mobile Application Development,F_SSP,3,Mca,B,Computer Lab,101,72,71.29,-1.0,0.0,Theory,Yes,No,After,Sunny,No,9,1,71.29,17,3,-1,5,83.68,Morning,No
2026-07-01,Wednesday,1,08:30:00,09:15:00,Mobile Application Development,F_SSP,3,Mca,A,Computer Lab,103,62,60.19,-1.0,0.0,Theory,Yes,No,After,Rainy,No,9,1,60.19,17,3,-1,10,77.99333333333334,Morning,No
2026-07-01,Wednesday,2,09:15:00,10:15:00,Mobile Application Development,F_SSP,3,Mca,B,Computer Lab,101,71,70.3,71.29,0.0,Theory,Yes,No,After,Sunny,No,9,0,70.3,17,3,-1,4,71.98333333333335,Morning,No
2026-07-01,Wednesday,2,09:15:00,10:15:00,Mobile Application Development,F_SSP,3,Mca,A,Computer Lab,103,69,66.99,60.19,0.0,Theory,Yes,No,After,Sunny,No,9,0,66.99,17,3,-1,9,67.26,Morning,No
2026-07-01,Wednesday,3,10:15:00,11:15:00,Data Science & Machine Learning,F_SP,3,Mca,B,Computer Lab,101,58,57.43,70.3,0.0,Theory,Yes,No,After,Rainy,No,8,0,57.43,17,3,-1,3,65.82666666666667,Morning,No
2026-07-01,Wednesday,3,10:15:00,11:15:00,Data Science & Machine Learning,F_SP,3,Mca,A,Computer Lab,103,78,75.73,66.99,0.0,Theory,Yes,No,After,Cloudy,No,8,0,75.73,17,3,-1,8,64.90666666666667,Morning,No
2026-07-01,Wednesday,4,11:15:00,12:15:00,Principles Of Cloud Management And Security,F_KSD,3,Mca,B,Computer Lab,101,76,75.25,57.43,0.0,Theory,Yes,No,After,Sunny,No,7,0,75.25,17,3,-1,2,66.71666666666668,Morning,No
2026-07-01,Wednesday,4,11:15:00,12:15:00,Principles Of Cloud Management And Security,F_KSD,3,Mca,A,Computer Lab,103,60,58.25,75.73,0.0,Theory,Yes,No,After,Rainy,No,7,0,58.25,17,3,-1,7,69.47000000000001,Morning,No
2026-07-01,Wednesday,5,13:30:00,15:30:00,Software Testing And Quality Assurance,F_DPY,3,Mca,B,Computer Lab,101,59,58.42,75.25,1.25,Practical,Yes,No,After,Rainy,No,6,0,58.42,17,3,-1,1,69.74333333333335,Before Lunch,No
2026-07-01,Wednesday,5,13:30:00,15:30:00,Software Testing And Quality Assurance,F_DPY,3,Mca,A,Computer Lab,103,73,70.87,58.25,1.25,Practical,Yes,No,After,Cloudy,No,6,0,70.87,17,3,-1,6,63.973333333333336,Before Lunch,No
2026-07-02,Thursday,1,08:30:00,09:15:00,Mobile Application Development,F_SSP,3,Mca,B,Computer Lab,101,75,74.26,-1.0,0.0,Practical,No,No,No,Rainy,No,9,1,74.26,18,3,-1,4,62.51333333333334,Morning,No
2026-07-02,Thursday,1,08:30:00,09:15:00,Mobile Application Development,F_SSP,3,Mca,A,Computer Lab,103,70,67.96,-1.0,0.0,Practical,No,No,No,Rainy,No,9,1,67.96,18,3,-1,7,67.85000000000001,Morning,No
2026-07-02,Thursday,2,09:15:00,10:15:00,Mobile Application Development,F_SSP,3,Mca,B,Computer Lab,101,74,73.27,74.26,0.0,Practical,No,No,No,Rainy,No,9,0,73.27,18,3,-1,3,71.03000000000002,Morning,No
2026-07-02,Thursday,2,09:15:00,10:15:00,Mobile Application Development,F_SSP,3,Mca,A,Computer Lab,103,92,89.32,67.96,0.0,Practical,No,No,No,Cloudy,No,9,0,89.32,18,3,-1,6,71.83000000000001,Morning,No
2026-07-02,Thursday,3,10:15:00,11:15:00,Mini Project,F_RSZ,3,Mca,B,Computer Lab,101,79,78.22,73.27,0.0,Practical,No,No,No,Sunny,No,15,0,78.22,18,3,-1,2,76.85000000000001,Morning,No
2026-07-02,Thursday,3,10:15:00,11:15:00,Mini Project,F_RSZ,3,Mca,A,Computer Lab,103,85,82.52,89.32,0.0,Practical,No,No,No,Rainy,No,15,0,82.52,18,3,-1,5,80.27000000000001,Morning,No
2026-07-02,Thursday,4,11:15:00,12:15:00,Mini Project,F_RSZ,3,Mca,B,Computer Lab,101,99,98.02,78.22,0.0,Practical,No,No,No,Sunny,No,15,0,98.02,18,3,-1,1,83.35333333333334,Morning,No
2026-07-02,Thursday,4,11:15:00,12:15:00,Mini Project,F_RSZ,3,Mca,A,Computer Lab,103,98,95.15,82.52,0.0,Practical,No,No,No,Cloudy,No,15,0,95.15,18,3,-1,8,86.25333333333333,Morning,No
2026-07-03,Friday,1,08:30:00,09:15:00,Mobile Application Development,F_SSP,3,Mca,B,Computer Lab,101,73,72.28,-1.0,0.0,Theory,No,No,No,Cloudy,No,9,1,72.28,19,3,-1,1,91.89666666666669,Morning,No
2026-07-03,Friday,1,08:30:00,09:15:00,Mobile Application Development,F_SSP,3,Mca,A,Computer Lab,103,76,73.79,-1.0,0.0,Theory,No,No,No,Cloudy,No,9,1,73.79,19,3,-1,2,88.48333333333335,Morning,No
2026-07-03,Friday,2,09:15:00,10:15:00,Mobile Application Development,F_SSP,3,Mca,A,Computer Lab,103,86,83.5,73.79,0.0,Theory,No,No,No,Sunny,No,9,0,83.5,19,3,-1,3,80.40666666666668,Morning,No
2026-07-03,Friday,2,09:15:00,10:15:00,Mobile Application Development,F_SSP,3,Mca,B,Computer Lab,101,78,77.23,72.28,0.0,Theory,No,No,No,Cloudy,No,9,0,77.23,19,3,-1,7,76.52333333333335,Morning,No
2026-07-03,Friday,3,10:15:00,11:15:00,Innovation And Entrepreneurship Development,F_JSP,3,Mca,A,Computer Lab,103,53,51.46,83.5,0.0,Theory,No,No,No,Sunny,Yes,12,0,51.46,19,3,-1,4,78.17333333333335,Morning,No
2026-07-03,Friday,3,10:15:00,11:15:00,Innovation And Entrepreneurship Development,F_JSP,3,Mca,B,Computer Lab,101,78,77.23,77.23,0.0,Theory,No,No,No,Cloudy,No,12,0,77.23,19,3,-1,8,70.73,Morning,No
2026-07-03,Friday,4,11:15:00,12:15:00,Innovation And Entrepreneurship Development,F_JSP,3,Mca,A,Computer Lab,103,82,79.61,51.46,0.0,Theory,No,No,No,Rainy,No,12,0,79.61,19,3,-1,5,68.64000000000001,Morning,No
2026-07-03,Friday,4,11:15:00,12:15:00,Innovation And Entrepreneurship Development,F_JSP,3,Mca,B,Computer Lab,101,74,73.27,77.23,0.0,Theory,No,No,No,Cloudy,No,12,0,73.27,19,3,-1,9,69.43333333333334,Morning,No
2026-07-03,Friday,5,13:30:00,15:30:00,Stqa Practical,F_DPY,3,Mca,A,Computer Lab,103,60,58.25,79.61,1.25,Practical,No,No,No,Rainy,No,6,0,58.25,19,3,-1,6,76.70333333333333,Before Lunch,No
2026-07-03,Friday,5,13:30:00,15:30:00,Stqa Practical,F_DPY,3,Mca,B,Computer Lab,101,66,65.35,73.27,1.25,Practical,No,No,No,Cloudy,No,6,0,65.35,19,3,-1,10,70.37666666666668,Before Lunch,No
2026-07-04,Saturday,1,08:30:00,09:15:00,Mobile Application Development,F_SSP,3,Mca,B,Computer Lab,101,100,99.01,-1.0,0.0,Theory,No,No,No,Rainy,No,9,1,99.01,20,3,-1,5,65.62333333333335,Morning,No
2026-07-04,Saturday,1,08:30:00,09:15:00,Mobile Application Development,F_SSP,3,Mca,A,Computer Lab,103,65,63.11,-1.0,0.0,Theory,No,Yes,No,Rainy,No,9,1,63.11,20,3,-1,10,74.20333333333333,Morning,No
2026-07-04,Saturday,2,09:15:00,10:15:00,Mobile Application Development,F_SSP,3,Mca,B,Computer Lab,101,72,71.29,99.01,0.0,Theory,No,No,No,Rainy,No,9,0,71.29,20,3,-1,2,75.82333333333334,Morning,No
2026-07-04,Saturday,2,09:15:00,10:15:00,Mobile Application Development,F_SSP,3,Mca,A,Computer Lab,103,75,72.82,63.11,0.0,Theory,No,No,No,Rainy,No,9,0,72.82,20,3,-1,6,77.80333333333334,Morning,No
2026-07-04,Saturday,3,10:15:00,11:15:00,Principles Of Cloud Management And Security,F_KSD,3,Mca,B,Computer Lab,101,85,84.16,71.29,0.0,Theory,No,No,No,Cloudy,No,7,0,84.16,20,3,-1,1,69.07333333333334,Morning,No
2026-07-04,Saturday,3,10:15:00,11:15:00,Principles Of Cloud Management And Security,F_KSD,3,Mca,A,Computer Lab,103,91,88.35,72.82,0.0,Theory,No,No,No,Cloudy,No,7,0,88.35,20,3,-1,8,76.09000000000002,Morning,No
2026-07-04,Saturday,4,11:15:00,12:15:00,Data Science & Machine Learning,F_SP,3,Mca,B,Computer Lab,101,94,93.07,84.16,0.0,Theory,No,No,No,Cloudy,No,8,0,93.07,20,3,-1,4,81.77666666666666,Morning,No
2026-07-04,Saturday,4,11:15:00,12:15:00,Data Science & Machine Learning,F_SP,3,Mca,A,Computer Lab,103,91,88.35,88.35,0.0,Theory,No,No,No,Sunny,No,8,0,88.35,20,3,-1,7,88.52666666666666,Morning,No
2026-07-04,Saturday,5,13:30:00,15:30:00,Ds & Ml Practical,F_MLK,3,Mca,B,Computer Lab,101,83,82.18,93.07,1.25,Practical,No,No,No,Cloudy,No,11,0,82.18,20,3,-1,3,89.92333333333335,Before Lunch,No
2026-07-04,Saturday,5,13:30:00,15:30:00,Ds & Ml Practical,F_MLK,3,Mca,A,Computer Lab,103,94,91.26,88.35,1.25,Practical,No,No,No,Cloudy,No,11,0,91.26,20,3,-1,9,87.86666666666667,Before Lunch,No
2026-07-06,Monday,1,08:30:00,09:15:00,Mobile Application Development,F_SSP,3,Mca,B,Computer Lab,101,45,44.55,-1.0,0.0,Theory,No,No,No,Rainy,No,9,1,44.55,22,4,-1,5,87.26333333333334,Morning,No
2026-07-06,Monday,1,08:30:00,09:15:00,Mobile Application Development,F_SSP,3,Mca,A,Computer Lab,103,63,61.17,-1.0,0.0,Theory,No,No,No,Rainy,No,9,1,61.17,22,4,-1,9,72.66333333333336,Morning,No
2026-07-06,Monday,2,09:15:00,10:15:00,Mobile Application Development,F_SSP,3,Mca,B,Computer Lab,101,66,65.35,44.55,0.0,Theory,No,Yes,No,Rainy,No,9,0,65.35,22,4,-1,4,65.66000000000001,Morning,No
2026-07-06,Monday,2,09:15:00,10:15:00,Mobile Application Development,F_SSP,3,Mca,A,Computer Lab,103,71,68.93,61.17,0.0,Theory,No,No,No,Rainy,No,9,0,68.93,22,4,-1,8,57.02333333333334,Morning,No
2026-07-06,Monday,3,10:15:00,11:15:00,Software Testing And Quality Assurance,F_DPY,3,Mca,B,Computer Lab,101,58,57.43,65.35,0.0,Theory,No,Yes,No,Sunny,No,6,0,57.43,22,4,-1,3,65.15000000000002,Morning,No
2026-07-06,Monday,3,10:15:00,11:15:00,Software Testing And Quality Assurance,F_DPY,3,Mca,A,Computer Lab,103,69,66.99,68.93,0.0,Theory,No,No,No,Cloudy,No,6,0,66.99,22,4,-1,7,63.903333333333336,Morning,No
2026-07-06,Monday,4,11:15:00,12:15:00,Principles Of Cloud Management And Security,F_KSD,3,Mca,B,Computer Lab,101,59,58.42,57.43,0.0,Theory,No,No,No,Rainy,No,7,0,58.42,22,4,-1,2,64.45,Morning,No
2026-07-06,Monday,4,11:15:00,12:15:00,Principles Of Cloud Management And Security,F_KSD,3,Mca,A,Computer Lab,103,57,55.34,66.99,0.0,Theory,No,Yes,No,Rainy,No,7,0,55.34,22,4,-1,6,60.94666666666668,Morning,No
2026-07-06,Monday,5,13:30:00,15:30:00,Innovation And Entrepreneurship Development,F_JSP,3,Mca,B,Computer Lab,101,54,53.47,58.42,1.25,Theory,No,No,No,Rainy,No,12,0,53.47,22,4,-1,1,60.25000000000001,Before Lunch,No
2026-07-06,Monday,5,13:30:00,15:30:00,Innovation And Entrepreneurship Development,F_JSP,3,Mca,A,Computer Lab,103,59,57.28,55.34,1.25,Theory,No,No,No,Rainy,No,12,0,57.28,22,4,-1,10,55.74333333333335,Before Lunch,No
2026-07-07,Tuesday,1,08:30:00,09:15:00,Mobile Application Development,F_SSP,3,Mca,B,Computer Lab,101,54,53.47,-1.0,0.0,Theory,No,No,After,Rainy,No,9,1,53.47,23,4,-1,5,55.363333333333344,Morning,No
2026-07-07,Tuesday,1,08:30:00,09:15:00,Mobile Application Development,F_SSP,3,Mca,A,Computer Lab,103,74,71.84,-1.0,0.0,Theory,No,No,After,Sunny,No,9,1,71.84,23,4,-1,6,54.74000000000001,Morning,No
2026-07-07,Tuesday,2,09:15:00,10:15:00,Mobile Application Development,F_SSP,3,Mca,B,Computer Lab,101,44,43.56,53.47,0.0,Theory,No,No,After,Rainy,No,9,0,43.56,23,4,-1,1,60.863333333333344,Morning,No
2026-07-07,Tuesday,2,09:15:00,10:15:00,Mobile Application Development,F_SSP,3,Mca,A,Computer Lab,103,51,49.51,71.84,0.0,Theory,No,Yes,After,Rainy,No,9,0,49.51,23,4,-1,9,56.29000000000002,Morning,No
2026-07-07,Tuesday,3,10:15:00,11:15:00,Data Science & Machine Learning,F_SP,3,Mca,B,Computer Lab,101,71,70.3,43.56,0.0,Theory,No,No,After,Cloudy,No,8,0,70.3,23,4,-1,4,54.97000000000002,Morning,No
2026-07-07,Tuesday,3,10:15:00,11:15:00,Data Science & Machine Learning,F_SP,3,Mca,A,Computer Lab,103,59,57.28,49.51,0.0,Theory,No,No,After,Cloudy,No,8,0,57.28,23,4,-1,8,54.45666666666668,Morning,No
2026-07-07,Tuesday,4,11:15:00,12:15:00,Software Testing And Quality Assurance,F_DPY,3,Mca,B,Computer Lab,101,74,73.27,70.3,0.0,Theory,No,No,After,Sunny,No,6,0,73.27,23,4,-1,3,59.03000000000001,Morning,No
2026-07-07,Tuesday,4,11:15:00,12:15:00,Software Testing And Quality Assurance,F_DPY,3,Mca,A,Computer Lab,103,58,56.31,57.28,0.0,Theory,No,No,After,Rainy,No,6,0,56.31,23,4,-1,7,66.95,Morning,No
2026-07-07,Tuesday,5,13:30:00,15:30:00,Industry Readiness Program,F_Visiting,3,Mca,B,Computer Lab,101,43,42.57,73.27,1.25,Theory,No,No,After,Rainy,No,4,0,42.57,23,4,-1,2,62.28666666666667,Before Lunch,No
2026-07-07,Tuesday,5,13:30:00,15:30:00,Industry Readiness Program,F_Visiting,3,Mca,A,Computer Lab,103,64,62.14,56.31,1.25,Theory,No,No,After,Sunny,No,4,0,62.14,23,4,-1,10,57.38333333333335,Before Lunch,No
2026-07-08,Wednesday,1,08:30:00,09:15:00,Mobile Application Development,F_SSP,3,Mca,B,Computer Lab,101,73,72.28,-1.0,0.0,Theory,No,No,No,Rainy,No,9,1,72.28,24,4,-1,5,53.673333333333346,Morning,No
2026-07-08,Wednesday,1,08:30:00,09:15:00,Mobile Application Development,F_SSP,3,Mca,A,Computer Lab,103,75,72.82,-1.0,0.0,Theory,No,No,No,Cloudy,No,9,1,72.82,24,4,-1,6,58.99666666666668,Morning,No
2026-07-08,Wednesday,2,09:15:00,10:15:00,Mobile Application Development,F_SSP,3,Mca,B,Computer Lab,101,81,80.2,72.28,0.0,Theory,No,No,No,Rainy,No,9,0,80.2,24,4,-1,1,69.08000000000001,Morning,No
2026-07-08,Wednesday,2,09:15:00,10:15:00,Mobile Application Development,F_SSP,3,Mca,A,Computer Lab,103,55,53.4,72.82,0.0,Theory,No,Yes,No,Sunny,No,9,0,53.4,24,4,-1,9,75.10000000000001,Morning,No
2026-07-08,Wednesday,3,10:15:00,11:15:00,Data Science & Machine Learning,F_SP,3,Mca,B,Computer Lab,101,85,84.16,80.2,0.0,Theory,No,No,No,Cloudy,No,8,0,84.16,24,4,-1,4,68.80666666666667,Morning,No
2026-07-08,Wednesday,3,10:15:00,11:15:00,Data Science & Machine Learning,F_SP,3,Mca,A,Computer Lab,103,68,66.02,53.4,0.0,Theory,No,Yes,No,Cloudy,Yes,8,0,66.02,24,4,-1,8,72.58666666666667,Morning,No
2026-07-08,Wednesday,4,11:15:00,12:15:00,Principles Of Cloud Management And Security,F_KSD,3,Mca,B,Computer Lab,101,92,91.09,84.16,0.0,Theory,No,No,No,Cloudy,No,7,0,91.09,24,4,-1,3,67.86,Morning,No
2026-07-08,Wednesday,4,11:15:00,12:15:00,Principles Of Cloud Management And Security,F_KSD,3,Mca,A,Computer Lab,103,88,85.44,66.02,0.0,Theory,No,Yes,No,Cloudy,No,7,0,85.44,24,4,-1,7,80.42333333333335,Morning,No
2026-07-08,Wednesday,5,13:30:00,15:30:00,Software Testing And Quality Assurance,F_DPY,3,Mca,B,Computer Lab,101,53,52.48,91.09,1.25,Practical,No,No,No,Cloudy,No,6,0,52.48,24,4,-1,2,80.85000000000001,Before Lunch,No
2026-07-08,Wednesday,5,13:30:00,15:30:00,Software Testing And Quality Assurance,F_DPY,3,Mca,A,Computer Lab,103,68,66.02,85.44,1.25,Practical,No,Yes,No,Rainy,No,6,0,66.02,24,4,-1,10,76.33666666666669,Before Lunch,No
2026-07-09,Thursday,1,08:30:00,09:15:00,Mobile Application Development,F_SSP,3,Mca,B,Computer Lab,101,31,30.69,-1.0,0.0,Practical,No,No,No,Rainy,No,9,1,30.69,25,4,-1,4,67.98,Morning,No
2026-07-09,Thursday,1,08:30:00,09:15:00,Mobile Application Development,F_SSP,3,Mca,A,Computer Lab,103,47,45.63,-1.0,0.0,Practical,No,Yes,No,Cloudy,No,9,1,45.63,25,4,-1,7,49.73000000000001,Morning,No
2026-07-09,Thursday,2,09:15:00,10:15:00,Mobile Application Development,F_SSP,3,Mca,B,Computer Lab,101,64,63.37,30.69,0.0,Practical,No,No,No,Rainy,No,9,0,63.37,25,4,-1,3,47.44666666666668,Morning,No
2026-07-09,Thursday,2,09:15:00,10:15:00,Mobile Application Development,F_SSP,3,Mca,A,Computer Lab,103,32,31.07,45.63,0.0,Practical,No,No,No,Sunny,No,9,0,31.07,25,4,-1,6,46.56333333333334,Morning,No
2026-07-09,Thursday,3,10:15:00,11:15:00,Mini Project,F_RSZ,3,Mca,B,Computer Lab,101,97,96.04,63.37,0.0,Practical,No,No,No,Cloudy,No,15,0,96.04,25,4,-1,2,46.690000000000005,Morning,No
2026-07-09,Thursday,3,10:15:00,11:15:00,Mini Project,F_RSZ,3,Mca,A,Computer Lab,103,101,98.06,31.07,0.0,Practical,No,No,No,Sunny,No,15,0,98.06,25,4,-1,5,63.49333333333334,Morning,No
2026-07-09,Thursday,4,11:15:00,12:15:00,Mini Project,F_RSZ,3,Mca,B,Computer Lab,101,95,94.06,96.04,0.0,Practical,No,Yes,No,Cloudy,No,15,0,94.06,25,4,-1,1,75.05666666666667,Morning,No
2026-07-09,Thursday,4,11:15:00,12:15:00,Mini Project,F_RSZ,3,Mca,A,Computer Lab,103,87,84.47,98.06,0.0,Practical,No,No,No,Sunny,No,15,0,84.47,25,4,-1,8,96.05333333333334,Morning,No
2026-07-10,Friday,1,08:30:00,09:15:00,Mobile Application Development,F_SSP,3,Mca,B,Computer Lab,101,59,58.42,-1.0,0.0,Theory,No,No,No,Rainy,No,9,1,58.42,26,4,-1,5,92.19666666666667,Morning,No
2026-07-10,Friday,1,08:30:00,09:15:00,Mobile Application Development,F_SSP,3,Mca,A,Computer Lab,103,82,79.61,-1.0,0.0,Theory,No,No,No,Cloudy,No,9,1,79.61,26,4,-1,6,78.98333333333333,Morning,No
2026-07-10,Friday,2,09:15:00,10:15:00,Mobile Application Development,F_SSP,3,Mca,B,Computer Lab,101,61,60.4,58.42,0.0,Theory,No,No,No,Rainy,No,9,0,60.4,26,4,-1,1,74.16666666666667,Morning,No
2026-07-10,Friday,2,09:15:00,10:15:00,Mobile Application Development,F_SSP,3,Mca,A,Computer Lab,103,73,70.87,79.61,0.0,Theory,No,No,No,Sunny,No,9,0,70.87,26,4,-1,9,66.14333333333335,Morning,No
2026-07-10,Friday,3,10:15:00,11:15:00,Innovation And Entrepreneurship Development,F_JSP,3,Mca,B,Computer Lab,101,98,97.03,60.4,0.0,Theory,No,No,No,Sunny,No,12,0,97.03,26,4,-1,4,70.29333333333334,Morning,No
2026-07-10,Friday,3,10:15:00,11:15:00,Innovation And Entrepreneurship Development,F_JSP,3,Mca,A,Computer Lab,103,74,71.84,70.87,0.0,Theory,No,No,No,Rainy,No,12,0,71.84,26,4,-1,8,76.10000000000001,Morning,No
2026-07-10,Friday,4,11:15:00,12:15:00,Innovation And Entrepreneurship Development,F_JSP,3,Mca,B,Computer Lab,101,63,62.38,97.03,0.0,Theory,No,No,No,Rainy,No,12,0,62.38,26,4,-1,3,79.91333333333334,Morning,No
2026-07-10,Friday,4,11:15:00,12:15:00,Innovation And Entrepreneurship Development,F_JSP,3,Mca,A,Computer Lab,103,66,64.08,71.84,0.0,Theory,No,No,No,Rainy,No,12,0,64.08,26,4,-1,7,77.08333333333334,Morning,No
2026-07-10,Friday,5,13:30:00,15:30:00,Stqa Practical,F_DPY,3,Mca,B,Computer Lab,101,62,61.39,62.38,1.25,Practical,No,No,No,Rainy,No,6,0,61.39,26,4,-1,2,66.10000000000001,Before Lunch,No
2026-07-10,Friday,5,13:30:00,15:30:00,Stqa Practical,F_DPY,3,Mca,A,Computer Lab,103,76,73.79,64.08,1.25,Practical,No,No,No,Sunny,No,6,0,73.79,26,4,-1,10,62.616666666666674,Before Lunch,No
2026-07-11,Saturday,1,08:30:00,09:15:00,Mobile Application Development,F_SSP,3,Mca,B,Computer Lab,101,71,70.3,-1.0,0.0,Theory,No,No,No,Rainy,No,9,1,70.3,27,4,-1,4,66.42000000000002,Morning,No
2026-07-11,Saturday,1,08:30:00,09:15:00,Mobile Application Development,F_SSP,3,Mca,A,Computer Lab,103,70,67.96,-1.0,0.0,Theory,No,No,No,Rainy,No,9,1,67.96,27,4,-1,9,68.49333333333334,Morning,No
2026-07-11,Saturday,2,09:15:00,10:15:00,Mobile Application Development,F_SSP,3,Mca,B,Computer Lab,101,79,78.22,70.3,0.0,Theory,No,No,No,Rainy,No,9,0,78.22,27,4,-1,5,70.68333333333335,Morning,No
2026-07-11,Saturday,2,09:15:00,10:15:00,Mobile Application Development,F_SSP,3,Mca,A,Computer Lab,103,91,88.35,67.96,0.0,Theory,No,No,No,Sunny,No,9,0,88.35,27,4,-1,8,72.16000000000001,Morning,No
2026-07-11,Saturday,3,10:15:00,11:15:00,Principles Of Cloud Management And Security,F_KSD,3,Mca,B,Computer Lab,101,76,75.25,78.22,0.0,Theory,No,No,No,Rainy,No,7,0,75.25,27,4,-1,3,78.17666666666666,Morning,No
2026-07-11,Saturday,3,10:15:00,11:15:00,Principles Of Cloud Management And Security,F_KSD,3,Mca,A,Computer Lab,103,58,56.31,88.35,0.0,Theory,No,No,No,Rainy,No,7,0,56.31,27,4,-1,7,80.60666666666667,Morning,No
2026-07-11,Saturday,4,11:15:00,12:15:00,Data Science & Machine Learning,F_SP,3,Mca,B,Computer Lab,101,82,81.19,75.25,0.0,Theory,No,No,No,Rainy,No,8,0,81.19,27,4,-1,2,73.30333333333334,Morning,No
2026-07-11,Saturday,4,11:15:00,12:15:00,Data Science & Machine Learning,F_SP,3,Mca,A,Computer Lab,103,71,68.93,56.31,0.0,Theory,No,No,No,Rainy,No,8,0,68.93,27,4,-1,6,70.91666666666667,Morning,No
2026-07-11,Saturday,5,13:30:00,15:30:00,Ds & Ml Practical,F_MLK,3,Mca,B,Computer Lab,101,79,78.22,81.19,1.25,Practical,No,No,No,Cloudy,No,11,0,78.22,27,4,-1,1,68.81000000000002,Before Lunch,No
2026-07-11,Saturday,5,13:30:00,15:30:00,Ds & Ml Practical,F_MLK,3,Mca,A,Computer Lab,103,95,92.23,68.93,1.25,Practical,No,No,No,Sunny,No,11,0,92.23,27,4,-1,10,76.11333333333334,Before Lunch,No
2026-07-13,Monday,1,08:30:00,09:15:00,Mobile Application Development,F_SSP,3,Mca,B,Computer Lab,101,57,56.44,-1.0,0.0,Theory,No,No,No,Rainy,No,9,1,56.44,29,5,-1,4,79.79333333333335,Morning,No
2026-07-13,Monday,1,08:30:00,09:15:00,Mobile Application Development,F_SSP,3,Mca,A,Computer Lab,103,71,68.93,-1.0,0.0,Theory,No,No,No,Cloudy,No,9,1,68.93,29,5,-1,9,75.63000000000001,Morning,No
2026-07-13,Monday,2,09:15:00,10:15:00,Mobile Application Development,F_SSP,3,Mca,B,Computer Lab,101,66,65.35,56.44,0.0,Theory,No,No,No,Sunny,No,9,0,65.35,29,5,-1,3,72.53333333333335,Morning,No
2026-07-13,Monday,2,09:15:00,10:15:00,Mobile Application Development,F_SSP,3,Mca,A,Computer Lab,103,64,62.14,68.93,0.0,Theory,No,No,No,Rainy,No,9,0,62.14,29,5,-1,8,63.573333333333345,Morning,No
2026-07-13,Monday,3,10:15:00,11:15:00,Software Testing And Quality Assurance,F_DPY,3,Mca,B,Computer Lab,101,58,57.43,65.35,0.0,Theory,No,No,No,Sunny,Yes,6,0,57.43,29,5,-1,2,65.47333333333334,Morning,No
2026-07-13,Monday,3,10:15:00,11:15:00,Software Testing And Quality Assurance,F_DPY,3,Mca,A,Computer Lab,103,77,74.76,62.14,0.0,Theory,No,No,No,Sunny,No,6,0,74.76,29,5,-1,7,61.64000000000001,Morning,No
2026-07-13,Monday,4,11:15:00,12:15:00,Principles Of Cloud Management And Security,F_KSD,3,Mca,B,Computer Lab,101,52,51.49,57.43,0.0,Theory,No,No,No,Sunny,Yes,7,0,51.49,29,5,-1,1,64.77666666666669,Morning,No
2026-07-13,Monday,4,11:15:00,12:15:00,Principles Of Cloud Management And Security,F_KSD,3,Mca,A,Computer Lab,103,77,74.76,74.76,0.0,Theory,No,No,No,Sunny,No,7,0,74.76,29,5,-1,6,61.22666666666669,Morning,No
2026-07-13,Monday,5,13:30:00,15:30:00,Innovation And Entrepreneurship Development,F_JSP,3,Mca,B,Computer Lab,101,68,67.33,51.49,1.25,Theory,No,Yes,No,Cloudy,No,12,0,67.33,29,5,-1,5,67.00333333333334,Before Lunch,No
2026-07-13,Monday,5,13:30:00,15:30:00,Innovation And Entrepreneurship Development,F_JSP,3,Mca,A,Computer Lab,103,72,69.9,74.76,1.25,Theory,No,No,No,Cloudy,No,12,0,69.9,29,5,-1,10,64.52666666666669,Before Lunch,No
2026-07-14,Tuesday,1,08:30:00,09:15:00,Mobile Application Development,F_SSP,3,Mca,B,Computer Lab,101,59,58.42,-1.0,0.0,Theory,No,No,No,Rainy,No,9,1,58.42,30,5,-1,5,70.66333333333334,Morning,No
2026-07-14,Tuesday,1,08:30:00,09:15:00,Mobile Application Development,F_SSP,3,Mca,A,Computer Lab,103,81,78.64,-1.0,0.0,Theory,No,No,No,Cloudy,No,9,1,78.64,30,5,-1,9,65.21666666666668,Morning,No
2026-07-14,Tuesday,2,09:15:00,10:15:00,Mobile Application Development,F_SSP,3,Mca,B,Computer Lab,101,81,80.2,58.42,0.0,Theory,No,No,No,Cloudy,No,9,0,80.2,30,5,-1,4,68.98666666666668,Morning,No
2026-07-14,Tuesday,2,09:15:00,10:15:00,Mobile Application Development,F_SSP,3,Mca,A,Computer Lab,103,79,76.7,78.64,0.0,Theory,No,Yes,No,Sunny,No,9,0,76.7,30,5,-1,8,72.42,Morning,No
2026-07-14,Tuesday,3,10:15:00,11:15:00,Data Science & Machine Learning,F_SP,3,Mca,B,Computer Lab,101,82,81.19,80.2,0.0,Theory,No,No,No,Rainy,No,8,0,81.19,30,5,-1,3,78.51333333333334,Morning,No
2026-07-14,Tuesday,3,10:15:00,11:15:00,Data Science & Machine Learning,F_SP,3,Mca,A,Computer Lab,103,71,68.93,76.7,0.0,Theory,No,No,No,Rainy,No,8,0,68.93,30,5,-1,7,79.36333333333334,Morning,No
2026-07-14,Tuesday,4,11:15:00,12:15:00,Software Testing And Quality Assurance,F_DPY,3,Mca,B,Computer Lab,101,72,71.29,81.19,0.0,Theory,No,No,No,Rainy,No,6,0,71.29,30,5,-1,2,75.60666666666668,Morning,No
2026-07-14,Tuesday,4,11:15:00,12:15:00,Software Testing And Quality Assurance,F_DPY,3,Mca,A,Computer Lab,103,78,75.73,68.93,0.0,Theory,No,No,No,Rainy,No,6,0,75.73,30,5,-1,10,73.80333333333336,Morning,No
2026-07-14,Tuesday,5,13:30:00,15:30:00,Industry Readiness Program,F_Visiting,3,Mca,B,Computer Lab,101,77,76.24,71.29,1.25,Theory,No,No,No,Rainy,No,4,0,76.24,30,5,-1,1,71.98333333333335,Before Lunch,No
2026-07-14,Tuesday,5,13:30:00,15:30:00,Industry Readiness Program,F_Visiting,3,Mca,A,Computer Lab,103,70,67.96,75.73,1.25,Theory,No,Yes,No,Rainy,No,4,0,67.96,30,5,-1,6,74.42,Before Lunch,No
2026-07-15,Wednesday,1,08:30:00,09:15:00,Mobile Application Development,F_SSP,3,Mca,B,Computer Lab,101,76,75.25,-1.0,0.0,Theory,No,Yes,No,Cloudy,No,9,1,75.25,31,5,-1,5,73.31,Morning,No
2026-07-15,Wednesday,1,08:30:00,09:15:00,Mobile Application Development,F_SSP,3,Mca,A,Computer Lab,103,88,85.44,-1.0,0.0,Theory,No,No,No,Sunny,No,9,1,85.44,31,5,-1,10,73.14999999999999,Morning,No
2026-07-15,Wednesday,2,09:15:00,10:15:00,Mobile Application Development,F_SSP,3,Mca,B,Computer Lab,101,89,88.12,75.25,0.0,Theory,No,No,No,Cloudy,No,9,0,88.12,31,5,-1,1,76.21666666666668,Morning,No
2026-07-15,Wednesday,2,09:15:00,10:15:00,Mobile Application Development,F_SSP,3,Mca,A,Computer Lab,103,97,94.17,85.44,0.0,Theory,No,No,No,Sunny,No,9,0,94.17,31,5,-1,9,82.93666666666668,Morning,No
2026-07-15,Wednesday,3,10:15:00,11:15:00,Data Science & Machine Learning,F_SP,3,Mca,B,Computer Lab,101,93,92.08,88.12,0.0,Theory,No,No,No,Sunny,No,8,0,92.08,31,5,-1,4,89.24333333333334,Morning,No
2026-07-15,Wednesday,3,10:15:00,11:15:00,Data Science & Machine Learning,F_SP,3,Mca,A,Computer Lab,103,74,71.84,94.17,0.0,Theory,No,No,No,Rainy,No,8,0,71.84,31,5,-1,8,91.45666666666669,Morning,No
2026-07-15,Wednesday,4,11:15:00,12:15:00,Principles Of Cloud Management And Security,F_KSD,3,Mca,B,Computer Lab,101,61,60.4,92.08,0.0,Theory,No,No,No,Rainy,No,7,0,60.4,31,5,-1,3,86.03000000000002,Morning,No
2026-07-15,Wednesday,4,11:15:00,12:15:00,Principles Of Cloud Management And Security,F_KSD,3,Mca,A,Computer Lab,103,87,84.47,71.84,0.0,Theory,No,No,No,Rainy,No,7,0,84.47,31,5,-1,7,74.77333333333334,Morning,No
2026-07-15,Wednesday,5,13:30:00,15:30:00,Software Testing And Quality Assurance,F_DPY,3,Mca,B,Computer Lab,101,84,83.17,60.4,1.25,Practical,No,No,No,Cloudy,No,6,0,83.17,31,5,-1,2,72.23666666666666,Before Lunch,No
2026-07-15,Wednesday,5,13:30:00,15:30:00,Software Testing And Quality Assurance,F_DPY,3,Mca,A,Computer Lab,103,90,87.38,84.47,1.25,Practical,No,No,No,Cloudy,No,6,0,87.38,31,5,-1,6,76.01333333333334,Before Lunch,No
2026-07-16,Thursday,1,08:30:00,09:15:00,Mobile Application Development,F_SSP,3,Mca,B,Computer Lab,101,73,72.28,-1.0,0.0,Theory,No,No,No,Rainy,No,9,1,72.28,32,5,-1,5,85.00666666666667,Morning,No
2026-07-16,Thursday,1,08:30:00,09:15:00,Mobile Application Development,F_SSP,3,Mca,A,Computer Lab,103,77,74.76,-1.0,0.0,Theory,No,No,No,Cloudy,No,9,1,74.76,32,5,-1,9,80.94333333333334,Morning,No
2026-07-16,Thursday,2,09:15:00,10:15:00,Mobile Application Development,F_SSP,3,Mca,B,Computer Lab,101,67,66.34,72.28,0.0,Theory,No,No,No,Rainy,No,9,0,66.34,32,5,-1,4,78.14,Morning,No
2026-07-16,Thursday,2,09:15:00,10:15:00,Mobile Application Development,F_SSP,3,Mca,A,Computer Lab,103,73,70.87,74.76,0.0,Theory,No,No,No,Rainy,No,9,0,70.87,32,5,-1,8,71.12666666666668,Morning,No
2026-07-16,Thursday,3,10:15:00,11:15:00,Innovation And Entrepreneurship Development,F_JSP,3,Mca,B,Computer Lab,101,66,65.35,66.34,0.0,Theory,No,No,No,Sunny,Yes,12,0,65.35,32,5,-1,3,70.65666666666668,Morning,No
2026-07-16,Thursday,3,10:15:00,11:15:00,Innovation And Entrepreneurship Development,F_JSP,3,Mca,A,Computer Lab,103,90,87.38,70.87,0.0,Theory,No,No,No,Cloudy,No,12,0,87.38,32,5,-1,7,67.52000000000001,Morning,No
2026-07-16,Thursday,4,11:15:00,12:15:00,Innovation And Entrepreneurship Development,F_JSP,3,Mca,B,Computer Lab,101,88,87.13,65.35,0.0,Theory,No,No,No,Sunny,No,12,0,87.13,32,5,-1,2,74.53333333333335,Morning,No
2026-07-16,Thursday,4,11:15:00,12:15:00,Innovation And Entrepreneurship Development,F_JSP,3,Mca,A,Computer Lab,103,78,75.73,87.38,0.0,Theory,No,No,No,Rainy,No,12,0,75.73,32,5,-1,6,79.95333333333333,Morning,No
2026-07-16,Thursday,5,13:30:00,15:30:00,Stqa Practical,F_DPY,3,Mca,B,Computer Lab,101,72,71.29,87.13,1.25,Practical,No,Yes,No,Rainy,No,6,0,71.29,32,5,-1,1,83.41333333333334,Before Lunch,No
2026-07-16,Thursday,5,13:30:00,15:30:00,Stqa Practical,F_DPY,3,Mca,A,Computer Lab,103,63,61.17,75.73,1.25,Practical,No,No,No,Rainy,No,6,0,61.17,32,5,-1,10,78.05000000000001,Before Lunch,No
2026-07-17,Friday,1,08:30:00,09:15:00,Mobile Application Development,F_SSP,3,Mca,B,Computer Lab,101,51,50.5,-1.0,0.0,Theory,No,No,Before,Rainy,No,9,1,50.5,33,5,-1,5,69.39666666666669,Morning,No
2026-07-17,Friday,1,08:30:00,09:15:00,Mobile Application Development,F_SSP,3,Mca,A,Computer Lab,103,56,54.37,-1.0,0.0,Theory,No,No,Before,Sunny,No,9,1,54.37,33,5,-1,6,60.98666666666668,Morning,No
2026-07-17,Friday,2,09:15:00,10:15:00,Mobile Application Development,F_SSP,3,Mca,B,Computer Lab,101,75,74.26,50.5,0.0,Theory,No,No,Before,Cloudy,No,9,0,74.26,33,5,-1,1,55.34666666666667,Morning,No
2026-07-17,Friday,2,09:15:00,10:15:00,Mobile Application Development,F_SSP,3,Mca,A,Computer Lab,103,47,45.63,54.37,0.0,Theory,No,Yes,Before,Rainy,No,9,0,45.63,33,5,-1,9,59.710000000000015,Morning,No
2026-07-17,Friday,3,10:15:00,11:15:00,Principles Of Cloud Management And Security,F_KSD,3,Mca,B,Computer Lab,101,69,68.32,74.26,0.0,Theory,No,No,Before,Cloudy,No,7,0,68.32,33,5,-1,4,58.08666666666668,Morning,No
2026-07-17,Friday,3,10:15:00,11:15:00,Principles Of Cloud Management And Security,F_KSD,3,Mca,A,Computer Lab,103,103,100.0,45.63,0.0,Theory,No,No,Before,Rainy,No,7,0,100.0,33,5,-1,8,62.73666666666668,Morning,No
2026-07-17,Friday,4,11:15:00,12:15:00,Data Science & Machine Learning,F_SP,3,Mca,B,Computer Lab,101,67,66.34,68.32,0.0,Theory,No,No,Before,Cloudy,No,8,0,66.34,33,5,-1,3,71.31666666666668,Morning,No
2026-07-17,Friday,4,11:15:00,12:15:00,Data Science & Machine Learning,F_SP,3,Mca,A,Computer Lab,103,79,76.7,100.0,0.0,Theory,No,No,Before,Cloudy,No,8,0,76.7,33,5,-1,7,78.22000000000001,Morning,No
2026-07-17,Friday,5,13:30:00,15:30:00,Ds & Ml Practical,F_MLK,3,Mca,B,Computer Lab,101,64,63.37,66.34,1.25,Practical,No,No,Before,Sunny,No,11,0,63.37,33,5,-1,2,81.01333333333336,Before Lunch,No
2026-07-17,Friday,5,13:30:00,15:30:00,Ds & Ml Practical,F_MLK,3,Mca,A,Computer Lab,103,71,68.93,76.7,1.25,Practical,No,No,Before,Rainy,No,11,0,68.93,33,5,-1,10,68.80333333333336,Before Lunch,No
2026-07-18,Saturday,1,08:30:00,09:15:00,Mobile Application Development,F_SSP,3,Mca,B,Computer Lab,101,69,68.32,-1.0,0.0,Theory,No,Yes,No,Cloudy,No,9,1,68.32,34,5,-1,5,69.66666666666669,Morning,No
2026-07-18,Saturday,1,08:30:00,09:15:00,Mobile Application Development,F_SSP,3,Mca,A,Computer Lab,103,102,99.03,-1.0,0.0,Theory,No,No,No,Cloudy,No,9,1,99.03,34,5,-1,10,66.87333333333335,Morning,No
2026-07-18,Saturday,2,09:15:00,10:15:00,Mobile Application Development,F_SSP,3,Mca,B,Computer Lab,101,94,93.07,68.32,0.0,Theory,No,No,No,Sunny,No,9,0,93.07,34,5,-1,1,78.76000000000002,Morning,No
2026-07-18,Saturday,2,09:15:00,10:15:00,Mobile Application Development,F_SSP,3,Mca,A,Computer Lab,103,90,87.38,99.03,0.0,Theory,No,No,No,Sunny,No,9,0,87.38,34,5,-1,9,86.80666666666669,Morning,No
2026-07-18,Saturday,3,10:15:00,11:15:00,Software Testing And Quality Assurance,F_DPY,3,Mca,B,Computer Lab,101,85,84.16,93.07,0.0,Theory,No,No,No,Cloudy,No,6,0,84.16,34,5,-1,4,93.16000000000001,Morning,No
2026-07-18,Saturday,3,10:15:00,11:15:00,Software Testing And Quality Assurance,F_DPY,3,Mca,A,Computer Lab,103,72,69.9,87.38,0.0,Theory,No,Yes,No,Cloudy,No,6,0,69.9,34,5,-1,8,88.20333333333333,Morning,No
2026-07-18,Saturday,4,11:15:00,12:15:00,Principles Of Cloud Management And Security,F_KSD,3,Mca,B,Computer Lab,101,92,91.09,84.16,0.0,Theory,No,No,No,Sunny,No,7,0,91.09,34,5,-1,3,80.48000000000002,Morning,No
2026-07-18,Saturday,4,11:15:00,12:15:00,Principles Of Cloud Management And Security,F_KSD,3,Mca,A,Computer Lab,103,79,76.7,69.9,0.0,Theory,No,Yes,No,Cloudy,No,7,0,76.7,34,5,-1,7,81.71666666666668,Morning,No
2026-07-18,Saturday,5,13:30:00,15:30:00,Innovation And Entrepreneurship Development,F_JSP,3,Mca,B,Computer Lab,101,90,89.11,91.09,1.25,Theory,No,No,No,Cloudy,No,12,0,89.11,34,5,-1,2,79.23000000000002,Before Lunch,No
2026-07-18,Saturday,5,13:30:00,15:30:00,Innovation And Entrepreneurship Development,F_JSP,3,Mca,A,Computer Lab,103,73,70.87,76.7,1.25,Theory,No,No,No,Rainy,No,12,0,70.87,34,5,-1,6,85.63333333333337,Before Lunch,No
2026-07-20,Monday,1,08:30:00,09:15:00,Mobile Application Development,F_SSP,3,Mca,B,Computer Lab,101,61,60.4,-1.0,0.0,Theory,No,No,No,Cloudy,No,9,1,60.4,36,6,-1,4,78.89333333333336,Morning,No
2026-07-20,Monday,1,08:30:00,09:15:00,Mobile Application Development,F_SSP,3,Mca,A,Computer Lab,103,55,53.4,-1.0,0.0,Theory,No,No,No,Rainy,No,9,1,53.4,36,6,-1,9,73.46000000000002,Morning,No
2026-07-20,Monday,2,09:15:00,10:15:00,Mobile Application Development,F_SSP,3,Mca,B,Computer Lab,101,61,60.4,60.4,0.0,Theory,No,No,No,Rainy,No,9,0,60.4,36,6,-1,3,61.55666666666669,Morning,No
2026-07-20,Monday,2,09:15:00,10:15:00,Mobile Application Development,F_SSP,3,Mca,A,Computer Lab,103,52,50.49,53.4,0.0,Theory,No,No,No,Rainy,No,9,0,50.49,36,6,-1,8,58.066666666666684,Morning,No
2026-07-20,Monday,3,10:15:00,11:15:00,Data Science & Machine Learning,F_SP,3,Mca,B,Computer Lab,101,73,72.28,60.4,0.0,Theory,No,No,No,Cloudy,No,8,0,72.28,36,6,-1,2,54.76333333333335,Morning,No
2026-07-20,Monday,3,10:15:00,11:15:00,Data Science & Machine Learning,F_SP,3,Mca,A,Computer Lab,103,66,64.08,50.49,0.0,Theory,No,No,No,Rainy,No,8,0,64.08,36,6,-1,7,61.05666666666669,Morning,No
2026-07-20,Monday,4,11:15:00,12:15:00,Software Testing And Quality Assurance,F_DPY,3,Mca,B,Computer Lab,101,50,49.5,72.28,0.0,Theory,No,No,No,Rainy,No,6,0,49.5,36,6,-1,1,62.28333333333335,Morning,No
2026-07-20,Monday,4,11:15:00,12:15:00,Software Testing And Quality Assurance,F_DPY,3,Mca,A,Computer Lab,103,67,65.05,64.08,0.0,Theory,No,No,No,Cloudy,No,6,0,65.05,36,6,-1,6,61.953333333333354,Morning,No
2026-07-20,Monday,5,13:30:00,15:30:00,Industry Readiness Program,F_Visiting,3,Mca,B,Computer Lab,101,66,65.35,49.5,1.25,Theory,No,No,No,Sunny,No,4,0,65.35,36,6,-1,5,59.54333333333335,Before Lunch,No
2026-07-20,Monday,5,13:30:00,15:30:00,Industry Readiness Program,F_Visiting,3,Mca,A,Computer Lab,103,54,52.43,65.05,1.25,Theory,No,No,No,Cloudy,No,4,0,52.43,36,6,-1,10,59.966666666666676,Before Lunch,No
2026-07-21,Tuesday,1,08:30:00,09:15:00,Mobile Application Development,F_SSP,3,Mca,B,Computer Lab,101,74,73.27,-1.0,0.0,Theory,No,No,No,Rainy,No,9,1,73.27,37,6,-1,5,60.94333333333335,Morning,No
2026-07-21,Tuesday,1,08:30:00,09:15:00,Mobile Application Development,F_SSP,3,Mca,A,Computer Lab,103,74,71.84,-1.0,0.0,Theory,No,No,No,Rainy,No,9,1,71.84,37,6,-1,9,63.68333333333336,Morning,No
2026-07-21,Tuesday,2,09:15:00,10:15:00,Mobile Application Development,F_SSP,3,Mca,B,Computer Lab,101,84,83.17,73.27,0.0,Theory,No,No,No,Cloudy,No,9,0,83.17,37,6,-1,4,65.84666666666669,Morning,No
2026-07-21,Tuesday,2,09:15:00,10:15:00,Mobile Application Development,F_SSP,3,Mca,A,Computer Lab,103,85,82.52,71.84,0.0,Theory,No,No,No,Sunny,No,9,0,82.52,37,6,-1,8,76.09333333333335,Morning,No
2026-07-21,Tuesday,3,10:15:00,11:15:00,Data Science & Machine Learning,F_SP,3,Mca,B,Computer Lab,101,69,68.32,83.17,0.0,Theory,No,No,No,Rainy,No,8,0,68.32,37,6,-1,3,79.17666666666669,Morning,No
2026-07-21,Tuesday,3,10:15:00,11:15:00,Data Science & Machine Learning,F_SP,3,Mca,A,Computer Lab,103,78,75.73,82.52,0.0,Theory,No,No,No,Rainy,No,8,0,75.73,37,6,-1,7,78.00333333333334,Morning,No
2026-07-21,Tuesday,4,11:15:00,12:15:00,Principles Of Cloud Management And Security,F_KSD,3,Mca,B,Computer Lab,101,67,66.34,68.32,0.0,Theory,No,No,No,Sunny,No,7,0,66.34,37,6,-1,2,75.52333333333335,Morning,No
2026-07-21,Tuesday,4,11:15:00,12:15:00,Principles Of Cloud Management And Security,F_KSD,3,Mca,A,Computer Lab,103,76,73.79,75.73,0.0,Theory,No,No,No,Rainy,No,7,0,73.79,37,6,-1,6,70.13000000000002,Morning,No
2026-07-21,Tuesday,5,13:30:00,15:30:00,Software Testing And Quality Assurance,F_DPY,3,Mca,B,Computer Lab,101,99,98.02,66.34,1.25,Practical,No,No,No,Rainy,No,6,0,98.02,37,6,-1,1,71.95333333333336,Before Lunch,No
2026-07-21,Tuesday,5,13:30:00,15:30:00,Software Testing And Quality Assurance,F_DPY,3,Mca,A,Computer Lab,103,90,87.38,73.79,1.25,Practical,No,No,No,Sunny,No,6,0,87.38,37,6,-1,10,79.38333333333335,Before Lunch,No
2026-07-22,Wednesday,1,08:30:00,09:15:00,Mobile Application Development,F_SSP,3,Mca,B,Computer Lab,101,61,60.4,-1.0,0.0,Practical,No,No,After,Cloudy,No,9,1,60.4,38,6,-1,3,86.39666666666669,Morning,No
2026-07-22,Wednesday,1,08:30:00,09:15:00,Mobile Application Development,F_SSP,3,Mca,A,Computer Lab,103,57,55.34,-1.0,0.0,Practical,No,No,After,Sunny,No,9,1,55.34,38,6,-1,7,81.93333333333335,Morning,No
2026-07-22,Wednesday,2,09:15:00,10:15:00,Mobile Application Development,F_SSP,3,Mca,B,Computer Lab,101,70,69.31,60.4,0.0,Practical,No,No,After,Cloudy,No,9,0,69.31,38,6,-1,1,67.70666666666669,Morning,No
2026-07-22,Wednesday,2,09:15:00,10:15:00,Mobile Application Development,F_SSP,3,Mca,A,Computer Lab,103,60,58.25,55.34,0.0,Practical,No,No,After,Rainy,No,9,0,58.25,38,6,-1,6,61.68333333333336,Morning,No
2026-07-22,Wednesday,3,10:15:00,11:15:00,Mini Project,F_RSZ,3,Mca,B,Computer Lab,101,61,60.4,69.31,0.0,Practical,No,No,After,Rainy,No,15,0,60.4,38,6,-1,2,60.9666666666667,Morning,No
2026-07-22,Wednesday,3,10:15:00,11:15:00,Mini Project,F_RSZ,3,Mca,A,Computer Lab,103,67,65.05,58.25,0.0,Practical,No,No,After,Rainy,No,15,0,65.05,38,6,-1,5,62.65333333333336,Morning,No
2026-07-22,Wednesday,4,11:15:00,12:15:00,Mini Project,F_RSZ,3,Mca,B,Computer Lab,101,60,59.41,60.4,0.0,Practical,No,No,After,Rainy,No,15,0,59.41,38,6,-1,4,61.233333333333356,Morning,No
2026-07-22,Wednesday,4,11:15:00,12:15:00,Mini Project,F_RSZ,3,Mca,A,Computer Lab,103,75,72.82,65.05,0.0,Practical,No,Yes,After,Cloudy,No,15,0,72.82,38,6,-1,8,61.620000000000026,Morning,No
2026-07-23,Thursday,1,08:30:00,09:15:00,Mobile Application Development,F_SSP,3,Mca,B,Computer Lab,101,65,64.36,-1.0,0.0,Theory,No,No,No,Sunny,No,9,1,64.36,39,6,-1,4,65.76000000000002,Morning,No
2026-07-23,Thursday,1,08:30:00,09:15:00,Mobile Application Development,F_SSP,3,Mca,A,Computer Lab,103,74,71.84,-1.0,0.0,Theory,No,No,No,Cloudy,No,9,1,71.84,39,6,-1,9,65.53000000000003,Morning,No
2026-07-23,Thursday,2,09:15:00,10:15:00,Mobile Application Development,F_SSP,3,Mca,B,Computer Lab,101,76,75.25,64.36,0.0,Theory,No,No,No,Rainy,No,9,0,75.25,39,6,-1,3,69.67333333333336,Morning,No
2026-07-23,Thursday,2,09:15:00,10:15:00,Mobile Application Development,F_SSP,3,Mca,A,Computer Lab,103,67,65.05,71.84,0.0,Theory,No,Yes,No,Sunny,No,9,0,65.05,39,6,-1,8,70.48333333333336,Morning,No
2026-07-23,Thursday,3,10:15:00,11:15:00,Innovation And Entrepreneurship Development,F_JSP,3,Mca,B,Computer Lab,101,75,74.26,75.25,0.0,Theory,No,No,No,Rainy,No,12,0,74.26,39,6,-1,2,70.71333333333335,Morning,No
2026-07-23,Thursday,3,10:15:00,11:15:00,Innovation And Entrepreneurship Development,F_JSP,3,Mca,A,Computer Lab,103,58,56.31,65.05,0.0,Theory,No,Yes,No,Cloudy,No,12,0,56.31,39,6,-1,7,71.52000000000002,Morning,No
2026-07-23,Thursday,4,11:15:00,12:15:00,Innovation And Entrepreneurship Development,F_JSP,3,Mca,B,Computer Lab,101,65,64.36,74.26,0.0,Theory,No,No,No,Rainy,No,12,0,64.36,39,6,-1,1,65.20666666666669,Morning,No
2026-07-23,Thursday,4,11:15:00,12:15:00,Innovation And Entrepreneurship Development,F_JSP,3,Mca,A,Computer Lab,103,80,77.67,56.31,0.0,Theory,No,No,No,Rainy,No,12,0,77.67,39,6,-1,6,64.9766666666667,Morning,No
2026-07-23,Thursday,5,13:30:00,15:30:00,Stqa Practical,F_DPY,3,Mca,B,Computer Lab,101,78,77.23,64.36,1.25,Practical,No,Yes,No,Rainy,No,6,0,77.23,39,6,-1,5,66.11333333333336,Before Lunch,No
2026-07-23,Thursday,5,13:30:00,15:30:00,Stqa Practical,F_DPY,3,Mca,A,Computer Lab,103,85,82.52,77.67,1.25,Practical,No,No,No,Rainy,Yes,6,0,82.52,39,6,-1,10,73.0866666666667,Before Lunch,No
2026-07-24,Friday,1,08:30:00,09:15:00,Mobile Application Development,F_SSP,3,Mca,B,Computer Lab,101,54,53.47,-1.0,0.0,Theory,No,Yes,No,Rainy,No,9,1,53.47,40,6,-1,5,79.14000000000003,Morning,No
2026-07-24,Friday,1,08:30:00,09:15:00,Mobile Application Development,F_SSP,3,Mca,A,Computer Lab,103,85,82.52,-1.0,0.0,Theory,No,No,No,Sunny,No,9,1,82.52,40,6,-1,9,71.07333333333337,Morning,No
2026-07-24,Friday,2,09:15:00,10:15:00,Mobile Application Development,F_SSP,3,Mca,B,Computer Lab,101,67,66.34,53.47,0.0,Theory,No,No,No,Cloudy,No,9,0,66.34,40,6,-1,4,72.83666666666669,Morning,No
2026-07-24,Friday,2,09:15:00,10:15:00,Mobile Application Development,F_SSP,3,Mca,A,Computer Lab,103,75,72.82,82.52,0.0,Theory,No,No,No,Cloudy,No,9,0,72.82,40,6,-1,8,67.44333333333337,Morning,No
2026-07-24,Friday,3,10:15:00,11:15:00,Principles Of Cloud Management And Security,F_KSD,3,Mca,B,Computer Lab,101,77,76.24,66.34,0.0,Theory,No,No,No,Cloudy,No,7,0,76.24,40,6,-1,3,73.89333333333336,Morning,No
2026-07-24,Friday,3,10:15:00,11:15:00,Principles Of Cloud Management And Security,F_KSD,3,Mca,A,Computer Lab,103,90,87.38,72.82,0.0,Theory,No,No,No,Cloudy,No,7,0,87.38,40,6,-1,7,71.80000000000003,Morning,No
2026-07-24,Friday,4,11:15:00,12:15:00,Data Science & Machine Learning,F_SP,3,Mca,B,Computer Lab,101,79,78.22,76.24,0.0,Theory,No,No,No,Cloudy,No,8,0,78.22,40,6,-1,2,78.81333333333335,Morning,No
2026-07-24,Friday,4,11:15:00,12:15:00,Data Science & Machine Learning,F_SP,3,Mca,A,Computer Lab,103,73,70.87,87.38,0.0,Theory,No,No,No,Rainy,No,8,0,70.87,40,6,-1,10,80.61333333333336,Morning,No
2026-07-24,Friday,5,13:30:00,15:30:00,Ds & Ml Practical,F_MLK,3,Mca,B,Computer Lab,101,62,61.39,78.22,1.25,Practical,No,No,No,Cloudy,No,11,0,61.39,40,6,-1,1,78.82333333333337,Before Lunch,No
2026-07-24,Friday,5,13:30:00,15:30:00,Ds & Ml Practical,F_MLK,3,Mca,A,Computer Lab,103,70,67.96,70.87,1.25,Practical,No,No,No,Rainy,No,11,0,67.96,40,6,-1,6,70.16000000000003,Before Lunch,No
2026-07-25,Saturday,1,08:30:00,09:15:00,Mobile Application Development,F_SSP,3,Mca,B,Computer Lab,101,69,68.32,-1.0,0.0,Theory,No,No,No,Cloudy,No,9,1,68.32,41,6,-1,4,66.74000000000002,Morning,No
2026-07-25,Saturday,1,08:30:00,09:15:00,Mobile Application Development,F_SSP,3,Mca,A,Computer Lab,103,77,74.76,-1.0,0.0,Theory,No,Yes,No,Rainy,No,9,1,74.76,41,6,-1,9,65.89000000000003,Morning,No
2026-07-25,Saturday,2,09:15:00,10:15:00,Mobile Application Development,F_SSP,3,Mca,B,Computer Lab,101,78,77.23,68.32,0.0,Theory,No,No,No,Rainy,No,9,0,77.23,41,6,-1,1,70.34666666666669,Morning,No
2026-07-25,Saturday,2,09:15:00,10:15:00,Mobile Application Development,F_SSP,3,Mca,A,Computer Lab,103,77,74.76,74.76,0.0,Theory,No,No,No,Rainy,No,9,0,74.76,41,6,-1,8,73.4366666666667,Morning,No
2026-07-25,Saturday,3,10:15:00,11:15:00,Software Testing And Quality Assurance,F_DPY,3,Mca,B,Computer Lab,101,68,67.33,77.23,0.0,Theory,No,No,No,Rainy,No,6,0,67.33,41,6,-1,3,75.58333333333337,Morning,No
2026-07-25,Saturday,3,10:15:00,11:15:00,Software Testing And Quality Assurance,F_DPY,3,Mca,A,Computer Lab,103,74,71.84,74.76,0.0,Theory,No,No,No,Sunny,No,6,0,71.84,41,6,-1,7,73.1066666666667,Morning,No
2026-07-25,Saturday,4,11:15:00,12:15:00,Principles Of Cloud Management And Security,F_KSD,3,Mca,B,Computer Lab,101,69,68.32,67.33,0.0,Theory,No,No,No,Rainy,No,7,0,68.32,41,6,-1,5,71.31000000000003,Morning,No
2026-07-25,Saturday,4,11:15:00,12:15:00,Principles Of Cloud Management And Security,F_KSD,3,Mca,A,Computer Lab,103,48,46.6,71.84,0.0,Theory,No,No,No,Rainy,Yes,7,0,46.6,41,6,-1,6,69.16333333333336,Morning,No
2026-07-25,Saturday,5,13:30:00,15:30:00,Innovation And Entrepreneurship Development,F_JSP,3,Mca,B,Computer Lab,101,67,66.34,68.32,1.25,Theory,No,No,No,Rainy,Yes,12,0,66.34,41,6,-1,2,62.25333333333336,Before Lunch,No
2026-07-25,Saturday,5,13:30:00,15:30:00,Innovation And Entrepreneurship Development,F_JSP,3,Mca,A,Computer Lab,103,65,63.11,46.6,1.25,Theory,No,No,No,Rainy,No,12,0,63.11,41,6,-1,10,60.42000000000002,Before Lunch,No
2026-07-27,Monday,1,08:30:00,09:15:00,Mobile Application Development,F_SSP,3,Mca,B,Computer Lab,101,68,67.33,-1.0,0.0,Theory,No,No,No,Cloudy,No,9,1,67.33,43,7,-1,5,58.68333333333336,Morning,Yes
2026-07-27,Monday,1,08:30:00,09:15:00,Mobile Application Development,F_SSP,3,Mca,A,Computer Lab,103,93,90.29,-1.0,0.0,Theory,No,No,No,Rainy,No,9,1,90.29,43,7,-1,9,65.59333333333336,Morning,Yes
2026-07-27,Monday,2,09:15:00,10:15:00,Mobile Application Development,F_SSP,3,Mca,B,Computer Lab,101,64,63.37,67.33,0.0,Theory,No,No,No,Sunny,No,9,0,63.37,43,7,-1,4,73.5766666666667,Morning,Yes
2026-07-27,Monday,2,09:15:00,10:15:00,Mobile Application Development,F_SSP,3,Mca,A,Computer Lab,103,103,100.0,90.29,0.0,Theory,No,No,No,Rainy,No,9,0,100.0,43,7,-1,8,73.66333333333336,Morning,Yes
2026-07-27,Monday,3,10:15:00,11:15:00,Data Science & Machine Learning,F_SP,3,Mca,B,Computer Lab,101,78,77.23,63.37,0.0,Theory,No,No,No,Rainy,No,8,0,77.23,43,7,-1,3,84.55333333333336,Morning,Yes
2026-07-27,Monday,3,10:15:00,11:15:00,Data Science & Machine Learning,F_SP,3,Mca,A,Computer Lab,103,97,94.17,100.0,0.0,Theory,No,No,No,Sunny,No,8,0,94.17,43,7,-1,7,80.20000000000003,Morning,Yes
2026-07-27,Monday,4,11:15:00,12:15:00,Software Testing And Quality Assurance,F_DPY,3,Mca,B,Computer Lab,101,86,85.15,77.23,0.0,Theory,No,No,No,Cloudy,No,6,0,85.15,43,7,-1,2,90.4666666666667,Morning,Yes
2026-07-27,Monday,4,11:15:00,12:15:00,Software Testing And Quality Assurance,F_DPY,3,Mca,A,Computer Lab,103,98,95.15,94.17,0.0,Theory,No,No,No,Rainy,No,6,0,95.15,43,7,-1,10,85.5166666666667,Morning,Yes
2026-07-27,Monday,5,13:30:00,15:30:00,Industry Readiness Program,F_Visiting,3,Mca,B,Computer Lab,101,77,76.24,85.15,1.25,Theory,No,No,No,Sunny,No,4,0,76.24,43,7,-1,1,91.49000000000002,Before Lunch,Yes
2026-07-27,Monday,5,13:30:00,15:30:00,Industry Readiness Program,F_Visiting,3,Mca,A,Computer Lab,103,95,92.23,95.15,1.25,Theory,No,No,No,Cloudy,No,4,0,92.23,43,7,-1,6,85.51333333333336,Before Lunch,Yes
2026-07-28,Tuesday,1,08:30:00,09:15:00,Mobile Application Development,F_SSP,3,Mca,B,Computer Lab,101,72,71.29,-1.0,0.0,Theory,No,No,No,Cloudy,No,9,1,71.29,44,7,-1,5,87.87333333333338,Morning,Yes
2026-07-28,Tuesday,1,08:30:00,09:15:00,Mobile Application Development,F_SSP,3,Mca,A,Computer Lab,103,82,79.61,-1.0,0.0,Theory,No,No,No,Rainy,No,9,1,79.61,44,7,-1,9,79.92000000000003,Morning,Yes
2026-07-28,Tuesday,2,09:15:00,10:15:00,Mobile Application Development,F_SSP,3,Mca,B,Computer Lab,101,52,51.49,71.29,0.0,Theory,No,No,No,Rainy,No,9,0,51.49,44,7,-1,4,81.04333333333336,Morning,Yes
2026-07-28,Tuesday,2,09:15:00,10:15:00,Mobile Application Development,F_SSP,3,Mca,A,Computer Lab,103,81,78.64,79.61,0.0,Theory,No,No,No,Sunny,No,9,0,78.64,44,7,-1,8,67.46333333333337,Morning,Yes
2026-07-28,Tuesday,3,10:15:00,11:15:00,Data Science & Machine Learning,F_SP,3,Mca,B,Computer Lab,101,75,74.26,51.49,0.0,Theory,No,No,No,Rainy,No,8,0,74.26,44,7,-1,3,69.91333333333336,Morning,Yes
2026-07-28,Tuesday,3,10:15:00,11:15:00,Data Science & Machine Learning,F_SP,3,Mca,A,Computer Lab,103,61,59.22,78.64,0.0,Theory,No,No,No,Cloudy,No,8,0,59.22,44,7,-1,7,68.13000000000004,Morning,Yes
2026-07-28,Tuesday,4,11:15:00,12:15:00,Principles Of Cloud Management And Security,F_KSD,3,Mca,B,Computer Lab,101,72,71.29,74.26,0.0,Theory,No,No,No,Cloudy,No,7,0,71.29,44,7,-1,2,70.70666666666669,Morning,Yes
2026-07-28,Tuesday,4,11:15:00,12:15:00,Principles Of Cloud Management And Security,F_KSD,3,Mca,A,Computer Lab,103,65,63.11,59.22,0.0,Theory,No,No,No,Sunny,No,7,0,63.11,44,7,-1,6,68.2566666666667,Morning,Yes
2026-07-28,Tuesday,5,13:30:00,15:30:00,Software Testing And Quality Assurance,F_DPY,3,Mca,B,Computer Lab,101,61,60.4,71.29,1.25,Practical,No,No,No,Sunny,No,6,0,60.4,44,7,-1,1,64.54000000000003,Before Lunch,Yes
2026-07-28,Tuesday,5,13:30:00,15:30:00,Software Testing And Quality Assurance,F_DPY,3,Mca,A,Computer Lab,103,50,48.54,63.11,1.25,Practical,No,No,No,Rainy,No,6,0,48.54,44,7,-1,10,64.93333333333335,Before Lunch,Yes
2026-07-29,Wednesday,1,08:30:00,09:15:00,Mobile Application Development,F_SSP,3,Mca,A,Computer Lab,103,91,88.35,-1.0,0.0,Practical,No,No,No,Cloudy,No,9,1,88.35,45,7,-1,1,57.35000000000002,Morning,Yes
2026-07-29,Wednesday,1,08:30:00,09:15:00,Mobile Application Development,F_SSP,3,Mca,B,Computer Lab,101,85,84.16,-1.0,0.0,Practical,No,No,No,Sunny,No,9,1,84.16,45,7,-1,5,65.76333333333336,Morning,Yes
2026-07-29,Wednesday,2,09:15:00,10:15:00,Mobile Application Development,F_SSP,3,Mca,A,Computer Lab,103,87,84.47,88.35,0.0,Practical,No,No,No,Rainy,No,9,0,84.47,45,7,-1,2,73.68333333333335,Morning,Yes
2026-07-29,Wednesday,2,09:15:00,10:15:00,Mobile Application Development,F_SSP,3,Mca,B,Computer Lab,101,92,91.09,84.16,0.0,Practical,No,No,No,Rainy,No,9,0,91.09,45,7,-1,6,85.66000000000003,Morning,Yes
2026-07-29,Wednesday,3,10:15:00,11:15:00,Mini Project,F_RSZ,3,Mca,A,Computer Lab,103,75,72.82,84.47,0.0,Practical,No,No,No,Rainy,No,15,0,72.82,45,7,-1,3,86.57333333333337,Morning,Yes
2026-07-29,Wednesday,3,10:15:00,11:15:00,Mini Project,F_RSZ,3,Mca,B,Computer Lab,101,78,77.23,91.09,0.0,Practical,No,No,No,Rainy,No,15,0,77.23,45,7,-1,7,82.79333333333336,Morning,Yes
2026-07-29,Wednesday,4,11:15:00,12:15:00,Mini Project,F_RSZ,3,Mca,A,Computer Lab,103,75,72.82,72.82,0.0,Practical,No,No,No,Rainy,No,15,0,72.82,45,7,-1,4,80.38000000000004,Morning,Yes
2026-07-29,Wednesday,4,11:15:00,12:15:00,Mini Project,F_RSZ,3,Mca,B,Computer Lab,101,68,67.33,77.23,0.0,Practical,No,No,No,Rainy,No,15,0,67.33,45,7,-1,8,74.29000000000002,Morning,Yes
2026-07-30,Thursday,1,08:30:00,09:15:00,Mobile Application Development,F_SSP,3,Mca,B,Computer Lab,101,60,59.41,-1.0,0.0,Theory,No,Yes,No,Rainy,No,9,1,59.41,46,7,-1,4,72.46000000000002,Morning,Yes
2026-07-30,Thursday,1,08:30:00,09:15:00,Mobile Application Development,F_SSP,3,Mca,A,Computer Lab,103,93,90.29,-1.0,0.0,Theory,No,No,No,Cloudy,No,9,1,90.29,46,7,-1,10,66.52000000000002,Morning,Yes
2026-07-30,Thursday,2,09:15:00,10:15:00,Mobile Application Development,F_SSP,3,Mca,B,Computer Lab,101,75,74.26,59.41,0.0,Theory,No,No,No,Rainy,No,9,0,74.26,46,7,-1,1,72.34333333333336,Morning,Yes
2026-07-30,Thursday,2,09:15:00,10:15:00,Mobile Application Development,F_SSP,3,Mca,A,Computer Lab,103,77,74.76,90.29,0.0,Theory,No,No,No,Rainy,No,9,0,74.76,46,7,-1,9,74.65333333333336,Morning,Yes
2026-07-30,Thursday,3,10:15:00,11:15:00,Innovation And Entrepreneurship Development,F_JSP,3,Mca,B,Computer Lab,101,65,64.36,74.26,0.0,Theory,No,No,No,Sunny,No,12,0,64.36,46,7,-1,5,79.77000000000002,Morning,Yes
2026-07-30,Thursday,3,10:15:00,11:15:00,Innovation And Entrepreneurship Development,F_JSP,3,Mca,A,Computer Lab,103,87,84.47,74.76,0.0,Theory,No,Yes,No,Rainy,No,12,0,84.47,46,7,-1,7,71.12666666666671,Morning,Yes
2026-07-30,Thursday,4,11:15:00,12:15:00,Innovation And Entrepreneurship Development,F_JSP,3,Mca,B,Computer Lab,101,71,70.3,64.36,0.0,Theory,No,No,No,Rainy,No,12,0,70.3,46,7,-1,3,74.53000000000003,Morning,Yes
2026-07-30,Thursday,4,11:15:00,12:15:00,Innovation And Entrepreneurship Development,F_JSP,3,Mca,A,Computer Lab,103,81,78.64,84.47,0.0,Theory,No,No,No,Rainy,No,12,0,78.64,46,7,-1,6,73.04333333333336,Morning,Yes
2026-07-30,Thursday,5,13:30:00,15:30:00,Stqa Practical,F_DPY,3,Mca,B,Computer Lab,101,82,81.19,70.3,1.25,Practical,No,No,No,Cloudy,No,6,0,81.19,46,7,-1,2,77.80333333333336,Before Lunch,Yes
2026-07-30,Thursday,5,13:30:00,15:30:00,Stqa Practical,F_DPY,3,Mca,A,Computer Lab,103,83,80.58,78.64,1.25,Practical,No,No,No,Cloudy,No,6,0,80.58,46,7,-1,8,76.71000000000002,Before Lunch,Yes
2026-07-31,Friday,1,08:30:00,09:15:00,Mobile Application Development,F_SSP,3,Mca,B,Computer Lab,101,74,73.27,-1.0,0.0,Theory,No,No,No,Rainy,No,9,1,73.27,47,7,-1,4,80.1366666666667,Morning,Yes
2026-07-31,Friday,1,08:30:00,09:15:00,Mobile Application Development,F_SSP,3,Mca,A,Computer Lab,103,74,71.84,-1.0,0.0,Theory,No,Yes,No,Cloudy,No,9,1,71.84,47,7,-1,9,78.34666666666669,Morning,Yes
2026-07-31,Friday,2,09:15:00,10:15:00,Mobile Application Development,F_SSP,3,Mca,B,Computer Lab,101,83,82.18,73.27,0.0,Theory,No,No,No,Rainy,No,9,0,82.18,47,7,-1,3,75.23000000000003,Morning,Yes
2026-07-31,Friday,2,09:15:00,10:15:00,Mobile Application Development,F_SSP,3,Mca,A,Computer Lab,103,80,77.67,71.84,0.0,Theory,No,No,No,Cloudy,No,9,0,77.67,47,7,-1,8,75.76333333333336,Morning,Yes
2026-07-31,Friday,3,10:15:00,11:15:00,Principles Of Cloud Management And Security,F_KSD,3,Mca,B,Computer Lab,101,88,87.13,82.18,0.0,Theory,No,No,No,Rainy,No,7,0,87.13,47,7,-1,2,77.23000000000003,Morning,Yes
2026-07-31,Friday,3,10:15:00,11:15:00,Principles Of Cloud Management And Security,F_KSD,3,Mca,A,Computer Lab,103,65,63.11,77.67,0.0,Theory,No,Yes,No,Cloudy,Yes,7,0,63.11,47,7,-1,7,82.3266666666667,Morning,Yes
2026-07-31,Friday,4,11:15:00,12:15:00,Data Science & Machine Learning,F_SP,3,Mca,B,Computer Lab,101,100,99.01,87.13,0.0,Theory,No,Yes,No,Rainy,No,8,0,99.01,47,7,-1,1,75.97000000000003,Morning,Yes
2026-07-31,Friday,4,11:15:00,12:15:00,Data Science & Machine Learning,F_SP,3,Mca,A,Computer Lab,103,93,90.29,63.11,0.0,Theory,No,No,No,Rainy,No,8,0,90.29,47,7,-1,6,83.08333333333336,Morning,Yes
2026-07-31,Friday,5,13:30:00,15:30:00,Ds & Ml Practical,F_MLK,3,Mca,B,Computer Lab,101,62,61.39,99.01,1.25,Practical,No,No,No,Rainy,No,11,0,61.39,47,7,-1,5,84.1366666666667,Before Lunch,Yes
2026-07-31,Friday,5,13:30:00,15:30:00,Ds & Ml Practical,F_MLK,3,Mca,A,Computer Lab,103,61,59.22,90.29,1.25,Practical,No,No,No,Sunny,No,11,0,59.22,47,7,-1,10,83.56333333333336,Before Lunch,Yes
2026-08-01,Saturday,1,08:30:00,09:15:00,Mobile Application Development,F_SSP,3,Mca,B,Computer Lab,101,76,75.25,-1.0,0.0,Theory,No,No,No,Rainy,No,9,1,75.25,48,7,-1,5,70.30000000000003,Morning,Yes
2026-08-01,Saturday,1,08:30:00,09:15:00,Mobile Application Development,F_SSP,3,Mca,A,Computer Lab,103,63,61.17,-1.0,0.0,Theory,No,No,No,Rainy,No,9,1,61.17,48,7,-1,9,65.28666666666669,Morning,Yes
2026-08-01,Saturday,2,09:15:00,10:15:00,Mobile Application Development,F_SSP,3,Mca,B,Computer Lab,101,67,66.34,75.25,0.0,Theory,No,No,No,Rainy,No,9,0,66.34,48,7,-1,4,65.21333333333337,Morning,Yes
2026-08-01,Saturday,2,09:15:00,10:15:00,Mobile Application Development,F_SSP,3,Mca,A,Computer Lab,103,95,92.23,61.17,0.0,Theory,No,No,No,Rainy,No,9,0,92.23,48,7,-1,8,67.58666666666669,Morning,Yes
2026-08-01,Saturday,3,10:15:00,11:15:00,Software Testing And Quality Assurance,F_DPY,3,Mca,B,Computer Lab,101,60,59.41,66.34,0.0,Theory,No,No,No,Cloudy,No,6,0,59.41,48,7,-1,3,73.2466666666667,Morning,Yes
2026-08-01,Saturday,3,10:15:00,11:15:00,Software Testing And Quality Assurance,F_DPY,3,Mca,A,Computer Lab,103,92,89.32,92.23,0.0,Theory,No,No,No,Cloudy,No,6,0,89.32,48,7,-1,7,72.66000000000004,Morning,Yes
2026-08-01,Saturday,4,11:15:00,12:15:00,Principles Of Cloud Management And Security,F_KSD,3,Mca,B,Computer Lab,101,52,51.49,59.41,0.0,Theory,No,No,No,Cloudy,No,7,0,51.49,48,7,-1,2,80.32000000000004,Morning,Yes
2026-08-01,Saturday,4,11:15:00,12:15:00,Principles Of Cloud Management And Security,F_KSD,3,Mca,A,Computer Lab,103,80,77.67,89.32,0.0,Theory,No,No,No,Sunny,No,7,0,77.67,48,7,-1,10,66.74000000000002,Morning,Yes
2026-08-01,Saturday,5,13:30:00,15:30:00,Innovation And Entrepreneurship Development,F_JSP,3,Mca,B,Computer Lab,101,51,50.5,51.49,1.25,Theory,No,No,No,Rainy,Yes,12,0,50.5,48,7,-1,1,72.8266666666667,Before Lunch,Yes
2026-08-01,Saturday,5,13:30:00,15:30:00,Innovation And Entrepreneurship Development,F_JSP,3,Mca,A,Computer Lab,103,79,76.7,77.67,1.25,Theory,No,No,No,Rainy,No,12,0,76.7,48,7,-1,6,59.88666666666669,Before Lunch,Yes
2026-08-03,Monday,1,08:30:00,09:15:00,Mobile Application Development,F_SSP,3,Mca,B,Computer Lab,101,62,61.39,-1.0,0.0,Theory,Yes,No,No,Rainy,Yes,9,1,61.39,50,8,-1,4,68.29000000000002,Morning,No
2026-08-03,Monday,1,08:30:00,09:15:00,Mobile Application Development,F_SSP,3,Mca,A,Computer Lab,103,59,57.28,-1.0,0.0,Theory,Yes,No,No,Rainy,No,9,1,57.28,50,8,-1,7,62.863333333333365,Morning,No
2026-08-03,Monday,2,09:15:00,10:15:00,Mobile Application Development,F_SSP,3,Mca,B,Computer Lab,101,56,55.45,61.39,0.0,Theory,Yes,No,No,Rainy,No,9,0,55.45,50,8,-1,1,65.12333333333336,Morning,No
2026-08-03,Monday,2,09:15:00,10:15:00,Mobile Application Development,F_SSP,3,Mca,A,Computer Lab,103,75,72.82,57.28,0.0,Theory,Yes,No,No,Cloudy,No,9,0,72.82,50,8,-1,10,58.04000000000003,Morning,No
2026-08-03,Monday,3,10:15:00,11:15:00,Data Science & Machine Learning,F_SP,3,Mca,B,Computer Lab,101,72,71.29,55.45,0.0,Theory,Yes,No,No,Cloudy,No,8,0,71.29,50,8,-1,3,61.85000000000002,Morning,No
2026-08-03,Monday,3,10:15:00,11:15:00,Data Science & Machine Learning,F_SP,3,Mca,A,Computer Lab,103,68,66.02,72.82,0.0,Theory,Yes,No,No,Rainy,No,8,0,66.02,50,8,-1,9,66.52000000000002,Morning,No
2026-08-03,Monday,4,11:15:00,12:15:00,Software Testing And Quality Assurance,F_DPY,3,Mca,B,Computer Lab,101,68,67.33,71.29,0.0,Theory,Yes,No,No,Sunny,No,6,0,67.33,50,8,-1,5,70.04333333333335,Morning,No
2026-08-03,Monday,4,11:15:00,12:15:00,Software Testing And Quality Assurance,F_DPY,3,Mca,A,Computer Lab,103,55,53.4,66.02,0.0,Theory,Yes,No,No,Cloudy,No,6,0,53.4,50,8,-1,6,68.21333333333335,Morning,No
2026-08-03,Monday,5,13:30:00,15:30:00,Industry Readiness Program,F_Visiting,3,Mca,B,Computer Lab,101,59,58.42,67.33,1.25,Theory,Yes,No,No,Cloudy,No,4,0,58.42,50,8,-1,2,62.25000000000003,Before Lunch,No
2026-08-03,Monday,5,13:30:00,15:30:00,Industry Readiness Program,F_Visiting,3,Mca,A,Computer Lab,103,65,63.11,53.4,1.25,Theory,Yes,No,No,Rainy,No,4,0,63.11,50,8,-1,8,59.7166666666667,Before Lunch,No
2026-08-04,Tuesday,1,08:30:00,09:15:00,Mobile Application Development,F_SSP,3,Mca,A,Computer Lab,103,64,62.14,-1.0,0.0,Theory,Yes,No,No,Sunny,Yes,9,1,62.14,51,8,-1,1,58.31000000000003,Morning,No
2026-08-04,Tuesday,1,08:30:00,09:15:00,Mobile Application Development,F_SSP,3,Mca,B,Computer Lab,101,75,74.26,-1.0,0.0,Theory,Yes,No,No,Sunny,No,9,1,74.26,51,8,-1,5,61.22333333333336,Morning,No
2026-08-04,Tuesday,2,09:15:00,10:15:00,Mobile Application Development,F_SSP,3,Mca,A,Computer Lab,103,52,50.49,62.14,0.0,Theory,Yes,No,No,Sunny,No,9,0,50.49,51,8,-1,2,66.50333333333337,Morning,No
2026-08-04,Tuesday,2,09:15:00,10:15:00,Mobile Application Development,F_SSP,3,Mca,B,Computer Lab,101,62,61.39,74.26,0.0,Theory,Yes,No,No,Rainy,No,9,0,61.39,51,8,-1,6,62.2966666666667,Morning,No
2026-08-04,Tuesday,3,10:15:00,11:15:00,Data Science & Machine Learning,F_SP,3,Mca,A,Computer Lab,103,73,70.87,50.49,0.0,Theory,Yes,No,No,Sunny,No,8,0,70.87,51,8,-1,3,62.0466666666667,Morning,No
2026-08-04,Tuesday,3,10:15:00,11:15:00,Data Science & Machine Learning,F_SP,3,Mca,B,Computer Lab,101,82,81.19,61.39,0.0,Theory,Yes,No,No,Rainy,No,8,0,81.19,51,8,-1,7,60.91666666666669,Morning,No
2026-08-04,Tuesday,4,11:15:00,12:15:00,Principles Of Cloud Management And Security,F_KSD,3,Mca,A,Computer Lab,103,71,68.93,70.87,0.0,Theory,Yes,No,No,Sunny,No,7,0,68.93,51,8,-1,4,71.15000000000002,Morning,No
2026-08-04,Tuesday,4,11:15:00,12:15:00,Principles Of Cloud Management And Security,F_KSD,3,Mca,B,Computer Lab,101,76,75.25,81.19,0.0,Theory,Yes,No,No,Rainy,No,7,0,75.25,51,8,-1,8,73.66333333333337,Morning,No
2026-08-04,Tuesday,5,13:30:00,15:30:00,Software Testing And Quality Assurance,F_DPY,3,Mca,B,Computer Lab,101,64,63.37,75.25,1.25,Practical,Yes,No,No,Rainy,No,6,0,63.37,51,8,-1,9,75.12333333333336,Before Lunch,No
2026-08-04,Tuesday,5,13:30:00,15:30:00,Software Testing And Quality Assurance,F_DPY,3,Mca,A,Computer Lab,103,80,77.67,68.93,1.25,Practical,Yes,No,No,Sunny,No,6,0,77.67,51,8,-1,10,69.18333333333337,Before Lunch,No
2026-08-05,Wednesday,1,08:30:00,09:15:00,Mobile Application Development,F_SSP,3,Mca,B,Computer Lab,101,56,55.45,-1.0,0.0,Practical,Yes,No,No,Cloudy,No,9,1,55.45,52,8,-1,2,72.09666666666669,Morning,No
2026-08-05,Wednesday,1,08:30:00,09:15:00,Mobile Application Development,F_SSP,3,Mca,A,Computer Lab,103,85,82.52,-1.0,0.0,Practical,Yes,No,No,Rainy,No,9,1,82.52,52,8,-1,7,65.49666666666668,Morning,No
2026-08-05,Wednesday,2,09:15:00,10:15:00,Mobile Application Development,F_SSP,3,Mca,B,Computer Lab,101,65,64.36,55.45,0.0,Practical,Yes,No,No,Rainy,No,9,0,64.36,52,8,-1,4,71.88000000000002,Morning,No
2026-08-05,Wednesday,2,09:15:00,10:15:00,Mobile Application Development,F_SSP,3,Mca,A,Computer Lab,103,72,69.9,82.52,0.0,Practical,Yes,No,No,Cloudy,No,9,0,69.9,52,8,-1,6,67.44333333333337,Morning,No
2026-08-05,Wednesday,3,10:15:00,11:15:00,Mini Project,F_RSZ,3,Mca,B,Computer Lab,101,61,60.4,64.36,0.0,Practical,Yes,No,No,Cloudy,No,15,0,60.4,52,8,-1,3,72.26000000000003,Morning,No
2026-08-05,Wednesday,3,10:15:00,11:15:00,Mini Project,F_RSZ,3,Mca,A,Computer Lab,103,76,73.79,69.9,0.0,Practical,Yes,No,No,Rainy,No,15,0,73.79,52,8,-1,8,64.8866666666667,Morning,No
2026-08-05,Wednesday,4,11:15:00,12:15:00,Mini Project,F_RSZ,3,Mca,B,Computer Lab,101,62,61.39,60.4,0.0,Practical,Yes,No,No,Rainy,No,15,0,61.39,52,8,-1,1,68.03000000000003,Morning,No
2026-08-05,Wednesday,4,11:15:00,12:15:00,Mini Project,F_RSZ,3,Mca,A,Computer Lab,103,67,65.05,73.79,0.0,Practical,Yes,No,No,Sunny,No,15,0,65.05,52,8,-1,5,65.19333333333337,Morning,No
2026-08-06,Thursday,1,08:30:00,09:15:00,Mobile Application Development,F_SSP,3,Mca,B,Computer Lab,101,72,71.29,-1.0,0.0,Theory,Yes,No,No,Cloudy,No,9,1,71.29,53,8,-1,5,66.74333333333337,Morning,No
2026-08-06,Thursday,1,08:30:00,09:15:00,Mobile Application Development,F_SSP,3,Mca,A,Computer Lab,103,60,58.25,-1.0,0.0,Theory,Yes,No,No,Cloudy,No,9,1,58.25,53,8,-1,9,65.91000000000003,Morning,No
2026-08-06,Thursday,2,09:15:00,10:15:00,Mobile Application Development,F_SSP,3,Mca,B,Computer Lab,101,68,67.33,71.29,0.0,Theory,Yes,Yes,No,Cloudy,No,9,0,67.33,53,8,-1,4,64.86333333333336,Morning,No
2026-08-06,Thursday,2,09:15:00,10:15:00,Mobile Application Development,F_SSP,3,Mca,A,Computer Lab,103,72,69.9,58.25,0.0,Theory,Yes,No,No,Rainy,No,9,0,69.9,53,8,-1,8,65.62333333333336,Morning,No
2026-08-06,Thursday,3,10:15:00,11:15:00,Innovation And Entrepreneurship Development,F_JSP,3,Mca,B,Computer Lab,101,51,50.5,67.33,0.0,Theory,Yes,No,No,Rainy,No,12,0,50.5,53,8,-1,3,65.16000000000003,Morning,No
2026-08-06,Thursday,3,10:15:00,11:15:00,Innovation And Entrepreneurship Development,F_JSP,3,Mca,A,Computer Lab,103,66,64.08,69.9,0.0,Theory,Yes,No,No,Cloudy,No,12,0,64.08,53,8,-1,7,62.57666666666669,Morning,No
2026-08-06,Thursday,4,11:15:00,12:15:00,Innovation And Entrepreneurship Development,F_JSP,3,Mca,B,Computer Lab,101,58,57.43,50.5,0.0,Theory,Yes,No,No,Rainy,No,12,0,57.43,53,8,-1,2,61.49333333333336,Morning,No
2026-08-06,Thursday,4,11:15:00,12:15:00,Innovation And Entrepreneurship Development,F_JSP,3,Mca,A,Computer Lab,103,73,70.87,64.08,0.0,Theory,Yes,No,No,Rainy,Yes,12,0,70.87,53,8,-1,6,57.336666666666694,Morning,No
2026-08-06,Thursday,5,13:30:00,15:30:00,Stqa Practical,F_DPY,3,Mca,B,Computer Lab,101,52,51.49,57.43,1.25,Practical,Yes,No,No,Sunny,Yes,6,0,51.49,53,8,-1,1,64.1266666666667,Before Lunch,No
2026-08-06,Thursday,5,13:30:00,15:30:00,Stqa Practical,F_DPY,3,Mca,A,Computer Lab,103,63,61.17,70.87,1.25,Practical,Yes,Yes,No,Sunny,No,6,0,61.17,53,8,-1,10,59.93000000000003,Before Lunch,No
2026-08-07,Friday,1,08:30:00,09:15:00,Mobile Application Development,F_SSP,3,Mca,B,Computer Lab,101,66,65.35,-1.0,0.0,Theory,Yes,No,No,Rainy,No,9,1,65.35,54,8,-1,5,61.1766666666667,Morning,No
2026-08-07,Friday,1,08:30:00,09:15:00,Mobile Application Development,F_SSP,3,Mca,A,Computer Lab,103,88,85.44,-1.0,0.0,Theory,Yes,No,No,Rainy,No,9,1,85.44,54,8,-1,9,59.336666666666694,Morning,No
2026-08-07,Friday,2,09:15:00,10:15:00,Mobile Application Development,F_SSP,3,Mca,B,Computer Lab,101,88,87.13,65.35,0.0,Theory,Yes,No,No,Rainy,No,9,0,87.13,54,8,-1,1,70.65333333333335,Morning,No
2026-08-07,Friday,2,09:15:00,10:15:00,Mobile Application Development,F_SSP,3,Mca,A,Computer Lab,103,79,76.7,85.44,0.0,Theory,Yes,No,No,Rainy,No,9,0,76.7,54,8,-1,8,79.30666666666669,Morning,No
2026-08-07,Friday,3,10:15:00,11:15:00,Principles Of Cloud Management And Security,F_KSD,3,Mca,B,Computer Lab,101,87,86.14,87.13,0.0,Theory,Yes,No,No,Cloudy,No,7,0,86.14,54,8,-1,3,83.09000000000003,Morning,No
2026-08-07,Friday,3,10:15:00,11:15:00,Principles Of Cloud Management And Security,F_KSD,3,Mca,A,Computer Lab,103,73,70.87,76.7,0.0,Theory,Yes,No,No,Rainy,No,7,0,70.87,54,8,-1,6,83.32333333333337,Morning,No
2026-08-07,Friday,4,11:15:00,12:15:00,Data Science & Machine Learning,F_SP,3,Mca,B,Computer Lab,101,79,78.22,86.14,0.0,Theory,Yes,No,No,Sunny,No,8,0,78.22,54,8,-1,2,77.90333333333336,Morning,No
2026-08-07,Friday,4,11:15:00,12:15:00,Data Science & Machine Learning,F_SP,3,Mca,A,Computer Lab,103,86,83.5,70.87,0.0,Theory,Yes,No,No,Rainy,No,8,0,83.5,54,8,-1,7,78.41000000000004,Morning,No
2026-08-07,Friday,5,13:30:00,15:30:00,Ds & Ml Practical,F_MLK,3,Mca,B,Computer Lab,101,52,51.49,78.22,1.25,Practical,Yes,No,No,Rainy,No,11,0,51.49,54,8,-1,4,77.53000000000003,Before Lunch,No
2026-08-07,Friday,5,13:30:00,15:30:00,Ds & Ml Practical,F_MLK,3,Mca,A,Computer Lab,103,77,74.76,83.5,1.25,Practical,Yes,No,No,Rainy,No,11,0,74.76,54,8,-1,10,71.07000000000004,Before Lunch,No
2026-08-08,Saturday,1,08:30:00,09:15:00,Mobile Application Development,F_SSP,3,Mca,B,Computer Lab,101,64,63.37,-1.0,0.0,Theory,Yes,No,No,Rainy,No,9,1,63.37,55,8,-1,4,69.9166666666667,Morning,No
2026-08-08,Saturday,1,08:30:00,09:15:00,Mobile Application Development,F_SSP,3,Mca,A,Computer Lab,103,47,45.63,-1.0,0.0,Theory,Yes,No,No,Cloudy,No,9,1,45.63,55,8,-1,9,63.2066666666667,Morning,No
2026-08-08,Saturday,2,09:15:00,10:15:00,Mobile Application Development,F_SSP,3,Mca,B,Computer Lab,101,94,93.07,63.37,0.0,Theory,Yes,No,No,Sunny,No,9,0,93.07,55,8,-1,3,61.25333333333336,Morning,No
2026-08-08,Saturday,2,09:15:00,10:15:00,Mobile Application Development,F_SSP,3,Mca,A,Computer Lab,103,61,59.22,45.63,0.0,Theory,Yes,No,No,Rainy,No,9,0,59.22,55,8,-1,8,67.3566666666667,Morning,No
2026-08-08,Saturday,3,10:15:00,11:15:00,Software Testing And Quality Assurance,F_DPY,3,Mca,B,Computer Lab,101,74,73.27,93.07,0.0,Theory,Yes,No,No,Rainy,No,6,0,73.27,55,8,-1,2,65.97333333333336,Morning,No
2026-08-08,Saturday,3,10:15:00,11:15:00,Software Testing And Quality Assurance,F_DPY,3,Mca,A,Computer Lab,103,71,68.93,59.22,0.0,Theory,Yes,No,No,Rainy,No,6,0,68.93,55,8,-1,7,75.18666666666668,Morning,No
2026-08-08,Saturday,4,11:15:00,12:15:00,Principles Of Cloud Management And Security,F_KSD,3,Mca,B,Computer Lab,101,56,55.45,73.27,0.0,Theory,Yes,No,No,Sunny,No,7,0,55.45,55,8,-1,1,67.14000000000003,Morning,No
2026-08-08,Saturday,4,11:15:00,12:15:00,Principles Of Cloud Management And Security,F_KSD,3,Mca,A,Computer Lab,103,71,68.93,68.93,0.0,Theory,Yes,Yes,No,Rainy,No,7,0,68.93,55,8,-1,6,65.88333333333337,Morning,No
2026-08-08,Saturday,5,13:30:00,15:30:00,Innovation And Entrepreneurship Development,F_JSP,3,Mca,B,Computer Lab,101,70,69.31,55.45,1.25,Theory,Yes,No,No,Cloudy,No,12,0,69.31,55,8,-1,5,64.43666666666671,Before Lunch,No
2026-08-08,Saturday,5,13:30:00,15:30:00,Innovation And Entrepreneurship Development,F_JSP,3,Mca,A,Computer Lab,103,78,75.73,68.93,1.25,Theory,Yes,No,No,Rainy,No,12,0,75.73,55,8,-1,10,64.56333333333338,Before Lunch,No
2026-08-10,Monday,1,08:30:00,09:15:00,Mobile Application Development,F_SSP,3,Mca,B,Computer Lab,101,81,80.2,-1.0,0.0,Theory,No,No,No,Sunny,No,9,1,80.2,57,9,-1,5,71.32333333333337,Morning,No
2026-08-10,Monday,1,08:30:00,09:15:00,Mobile Application Development,F_SSP,3,Mca,A,Computer Lab,103,68,66.02,-1.0,0.0,Theory,No,No,No,Rainy,No,9,1,66.02,57,9,-1,9,75.08000000000003,Morning,No
2026-08-10,Monday,2,09:15:00,10:15:00,Mobile Application Development,F_SSP,3,Mca,B,Computer Lab,101,87,86.14,80.2,0.0,Theory,No,No,No,Rainy,No,9,0,86.14,57,9,-1,4,73.98333333333336,Morning,No
2026-08-10,Monday,2,09:15:00,10:15:00,Mobile Application Development,F_SSP,3,Mca,A,Computer Lab,103,69,66.99,66.02,0.0,Theory,No,No,No,Sunny,No,9,0,66.99,57,9,-1,8,77.45333333333336,Morning,No
2026-08-10,Monday,3,10:15:00,11:15:00,Data Science & Machine Learning,F_SP,3,Mca,B,Computer Lab,101,73,72.28,86.14,0.0,Theory,No,No,No,Cloudy,No,8,0,72.28,57,9,-1,3,73.05000000000003,Morning,No
2026-08-10,Monday,3,10:15:00,11:15:00,Data Science & Machine Learning,F_SP,3,Mca,A,Computer Lab,103,77,74.76,66.99,0.0,Theory,No,No,No,Rainy,No,8,0,74.76,57,9,-1,7,75.1366666666667,Morning,No
2026-08-10,Monday,4,11:15:00,12:15:00,Software Testing And Quality Assurance,F_DPY,3,Mca,B,Computer Lab,101,66,65.35,72.28,0.0,Theory,No,No,No,Sunny,No,6,0,65.35,57,9,-1,2,71.34333333333336,Morning,No
2026-08-10,Monday,4,11:15:00,12:15:00,Software Testing And Quality Assurance,F_DPY,3,Mca,A,Computer Lab,103,72,69.9,74.76,0.0,Theory,No,No,No,Rainy,No,6,0,69.9,57,9,-1,10,70.7966666666667,Morning,No
2026-08-10,Monday,5,13:30:00,15:30:00,Industry Readiness Program,F_Visiting,3,Mca,B,Computer Lab,101,74,73.27,65.35,1.25,Theory,No,No,No,Cloudy,No,4,0,73.27,57,9,-1,1,70.00333333333337,Before Lunch,No
2026-08-10,Monday,5,13:30:00,15:30:00,Industry Readiness Program,F_Visiting,3,Mca,A,Computer Lab,103,77,74.76,69.9,1.25,Theory,No,No,No,Cloudy,No,4,0,74.76,57,9,-1,6,69.5066666666667,Before Lunch,No
2026-08-11,Tuesday,1,08:30:00,09:15:00,Mobile Application Development,F_SSP,3,Mca,B,Computer Lab,101,77,76.24,-1.0,0.0,Theory,No,No,No,Cloudy,No,9,1,76.24,58,9,-1,4,72.64333333333336,Morning,No
2026-08-11,Tuesday,1,08:30:00,09:15:00,Mobile Application Development,F_SSP,3,Mca,A,Computer Lab,103,90,87.38,-1.0,0.0,Theory,No,No,No,Sunny,No,9,1,87.38,58,9,-1,9,74.7566666666667,Morning,No
2026-08-11,Tuesday,2,09:15:00,10:15:00,Mobile Application Development,F_SSP,3,Mca,B,Computer Lab,101,80,79.21,76.24,0.0,Theory,No,No,No,Sunny,No,9,0,79.21,58,9,-1,5,79.46000000000002,Morning,No
2026-08-11,Tuesday,2,09:15:00,10:15:00,Mobile Application Development,F_SSP,3,Mca,A,Computer Lab,103,74,71.84,87.38,0.0,Theory,No,No,No,Sunny,No,9,0,71.84,58,9,-1,8,80.94333333333334,Morning,No
2026-08-11,Tuesday,3,10:15:00,11:15:00,Data Science & Machine Learning,F_SP,3,Mca,B,Computer Lab,101,82,81.19,79.21,0.0,Theory,No,No,No,Cloudy,No,8,0,81.19,58,9,-1,3,79.47666666666669,Morning,No
2026-08-11,Tuesday,3,10:15:00,11:15:00,Data Science & Machine Learning,F_SP,3,Mca,A,Computer Lab,103,103,100.0,71.84,0.0,Theory,No,No,No,Rainy,No,8,0,100.0,58,9,-1,7,77.41333333333336,Morning,No
2026-08-11,Tuesday,4,11:15:00,12:15:00,Principles Of Cloud Management And Security,F_KSD,3,Mca,B,Computer Lab,101,76,75.25,81.19,0.0,Theory,No,No,No,Rainy,No,7,0,75.25,58,9,-1,2,84.34333333333336,Morning,No
2026-08-11,Tuesday,4,11:15:00,12:15:00,Principles Of Cloud Management And Security,F_KSD,3,Mca,A,Computer Lab,103,74,71.84,100.0,0.0,Theory,No,No,No,Rainy,No,7,0,71.84,58,9,-1,6,85.48000000000002,Morning,No
2026-08-11,Tuesday,5,13:30:00,15:30:00,Software Testing And Quality Assurance,F_DPY,3,Mca,B,Computer Lab,101,66,65.35,75.25,1.25,Practical,No,No,No,Rainy,No,6,0,65.35,58,9,-1,1,82.36333333333336,Before Lunch,No
2026-08-11,Tuesday,5,13:30:00,15:30:00,Software Testing And Quality Assurance,F_DPY,3,Mca,A,Computer Lab,103,84,81.55,71.84,1.25,Practical,No,No,No,Rainy,No,6,0,81.55,58,9,-1,10,70.81333333333335,Before Lunch,No
2026-08-12,Wednesday,1,08:30:00,09:15:00,Mobile Application Development,F_SSP,3,Mca,B,Computer Lab,101,70,69.31,-1.0,0.0,Practical,No,Yes,No,Cloudy,No,9,1,69.31,59,9,-1,4,72.91333333333336,Morning,No
2026-08-12,Wednesday,1,08:30:00,09:15:00,Mobile Application Development,F_SSP,3,Mca,A,Computer Lab,103,75,72.82,-1.0,0.0,Practical,No,No,No,Rainy,No,9,1,72.82,59,9,-1,7,72.07000000000004,Morning,No
2026-08-12,Wednesday,2,09:15:00,10:15:00,Mobile Application Development,F_SSP,3,Mca,B,Computer Lab,101,63,62.38,69.31,0.0,Practical,No,No,No,Rainy,No,9,0,62.38,59,9,-1,3,74.56000000000002,Morning,No
2026-08-12,Wednesday,2,09:15:00,10:15:00,Mobile Application Development,F_SSP,3,Mca,A,Computer Lab,103,74,71.84,72.82,0.0,Practical,No,No,No,Cloudy,No,9,0,71.84,59,9,-1,6,68.17000000000003,Morning,No
2026-08-12,Wednesday,3,10:15:00,11:15:00,Mini Project,F_RSZ,3,Mca,B,Computer Lab,101,95,94.06,62.38,0.0,Practical,No,Yes,No,Rainy,No,15,0,94.06,59,9,-1,2,69.01333333333336,Morning,No
2026-08-12,Wednesday,3,10:15:00,11:15:00,Mini Project,F_RSZ,3,Mca,A,Computer Lab,103,72,69.9,71.84,0.0,Practical,No,No,No,Cloudy,No,15,0,69.9,59,9,-1,8,76.09333333333336,Morning,No
2026-08-12,Wednesday,4,11:15:00,12:15:00,Mini Project,F_RSZ,3,Mca,B,Computer Lab,101,50,49.5,94.06,0.0,Practical,No,No,No,Rainy,No,15,0,49.5,59,9,-1,1,78.60000000000004,Morning,No
2026-08-12,Wednesday,4,11:15:00,12:15:00,Mini Project,F_RSZ,3,Mca,A,Computer Lab,103,62,60.19,69.9,0.0,Practical,No,Yes,No,Rainy,No,15,0,60.19,59,9,-1,5,71.15333333333336,Morning,No
2026-08-13,Thursday,1,08:30:00,09:15:00,Mobile Application Development,F_SSP,3,Mca,B,Computer Lab,101,54,53.47,-1.0,0.0,Theory,No,No,No,Rainy,No,9,1,53.47,60,9,-1,5,59.863333333333365,Morning,No
2026-08-13,Thursday,1,08:30:00,09:15:00,Mobile Application Development,F_SSP,3,Mca,A,Computer Lab,103,77,74.76,-1.0,0.0,Theory,No,No,No,Rainy,No,9,1,74.76,60,9,-1,9,54.38666666666669,Morning,No
2026-08-13,Thursday,2,09:15:00,10:15:00,Mobile Application Development,F_SSP,3,Mca,B,Computer Lab,101,60,59.41,53.47,0.0,Theory,No,No,No,Rainy,No,9,0,59.41,60,9,-1,4,62.80666666666669,Morning,No
2026-08-13,Thursday,2,09:15:00,10:15:00,Mobile Application Development,F_SSP,3,Mca,A,Computer Lab,103,87,84.47,74.76,0.0,Theory,No,No,No,Cloudy,No,9,0,84.47,60,9,-1,8,62.5466666666667,Morning,No
2026-08-13,Thursday,3,10:15:00,11:15:00,Innovation And Entrepreneurship Development,F_JSP,3,Mca,B,Computer Lab,101,65,64.36,59.41,0.0,Theory,No,No,No,Cloudy,No,12,0,64.36,60,9,-1,3,72.88000000000004,Morning,No
2026-08-13,Thursday,3,10:15:00,11:15:00,Innovation And Entrepreneurship Development,F_JSP,3,Mca,A,Computer Lab,103,84,81.55,84.47,0.0,Theory,No,No,No,Cloudy,No,12,0,81.55,60,9,-1,7,69.41333333333337,Morning,No
2026-08-13,Thursday,4,11:15:00,12:15:00,Innovation And Entrepreneurship Development,F_JSP,3,Mca,B,Computer Lab,101,44,43.56,64.36,0.0,Theory,No,No,No,Sunny,No,12,0,43.56,60,9,-1,2,76.79333333333336,Morning,No
2026-08-13,Thursday,4,11:15:00,12:15:00,Innovation And Entrepreneurship Development,F_JSP,3,Mca,A,Computer Lab,103,96,93.2,81.55,0.0,Theory,No,No,No,Rainy,No,12,0,93.2,60,9,-1,6,63.156666666666695,Morning,No
2026-08-13,Thursday,5,13:30:00,15:30:00,Stqa Practical,F_DPY,3,Mca,B,Computer Lab,101,59,58.42,43.56,1.25,Practical,No,No,No,Cloudy,No,6,0,58.42,60,9,-1,1,72.77000000000002,Before Lunch,No
2026-08-13,Thursday,5,13:30:00,15:30:00,Stqa Practical,F_DPY,3,Mca,A,Computer Lab,103,71,68.93,93.2,1.25,Practical,No,No,No,Cloudy,No,6,0,68.93,60,9,-1,10,65.06000000000004,Before Lunch,No
2026-08-14,Friday,1,08:30:00,09:15:00,Mobile Application Development,F_SSP,3,Mca,A,Computer Lab,103,67,65.05,-1.0,0.0,Theory,No,No,Before,Rainy,No,9,1,65.05,61,9,-1,2,73.51666666666671,Morning,No
2026-08-14,Friday,1,08:30:00,09:15:00,Mobile Application Development,F_SSP,3,Mca,B,Computer Lab,101,62,61.39,-1.0,0.0,Theory,No,No,Before,Rainy,No,9,1,61.39,61,9,-1,7,64.13333333333337,Morning,No
2026-08-14,Friday,2,09:15:00,10:15:00,Mobile Application Development,F_SSP,3,Mca,A,Computer Lab,103,81,78.64,65.05,0.0,Theory,No,No,Before,Cloudy,No,9,0,78.64,61,9,-1,3,65.12333333333335,Morning,No
2026-08-14,Friday,2,09:15:00,10:15:00,Mobile Application Development,F_SSP,3,Mca,B,Computer Lab,101,70,69.31,61.39,0.0,Theory,No,No,Before,Rainy,No,9,0,69.31,61,9,-1,8,68.36000000000003,Morning,No
2026-08-14,Friday,3,10:15:00,11:15:00,Principles Of Cloud Management And Security,F_KSD,3,Mca,A,Computer Lab,103,80,77.67,78.64,0.0,Theory,No,No,Before,Cloudy,No,7,0,77.67,61,9,-1,4,69.78000000000003,Morning,No
2026-08-14,Friday,3,10:15:00,11:15:00,Principles Of Cloud Management And Security,F_KSD,3,Mca,B,Computer Lab,101,79,78.22,69.31,0.0,Theory,No,No,Before,Sunny,No,7,0,78.22,61,9,-1,9,75.20666666666669,Morning,No
2026-08-14,Friday,4,11:15:00,12:15:00,Data Science & Machine Learning,F_SP,3,Mca,B,Computer Lab,101,60,59.41,78.22,0.0,Theory,No,No,Before,Cloudy,No,8,0,59.41,61,9,-1,1,75.06666666666669,Morning,No
2026-08-14,Friday,4,11:15:00,12:15:00,Data Science & Machine Learning,F_SP,3,Mca,A,Computer Lab,103,69,66.99,77.67,0.0,Theory,No,No,Before,Cloudy,No,8,0,66.99,61,9,-1,5,71.7666666666667,Morning,No
2026-08-14,Friday,5,13:30:00,15:30:00,Ds & Ml Practical,F_MLK,3,Mca,A,Computer Lab,103,77,74.76,66.99,1.25,Practical,No,No,Before,Rainy,No,11,0,74.76,61,9,-1,6,68.20666666666669,Before Lunch,No
2026-08-14,Friday,5,13:30:00,15:30:00,Ds & Ml Practical,F_MLK,3,Mca,B,Computer Lab,101,65,64.36,59.41,1.25,Practical,No,No,Before,Rainy,No,11,0,64.36,61,9,-1,10,67.05333333333336,Before Lunch,No
